PIMS Tag Name,Source Tag Property ID,Source Tag Path
"C550_H430113.PV",152840918703210530,"/System/Core/EA-02/MDI-P-EA-AVM-02/Aloxy-EA-02/data/basfbeant/70b3d57bb100001f/ValvePosition/properties/status/logicalPosition/openPercentage"
"C300_HV6177.PV",152840918855385120,"/System/Core/EA-02/MDI-P-EA-AVM-02/Aloxy-EA-02/data/basfbeant/70b3d57bb1000025/ValvePosition/properties/status/logicalPosition/openPercentage"
"C300_HV6149.PV",152840918783361060,"/System/Core/EA-02/MDI-P-EA-AVM-02/Aloxy-EA-02/data/basfbeant/70b3d57bb1000029/ValvePosition/properties/status/logicalPosition/openPercentage"
"C300_HV6178.PV",152840918856761380,"/System/Core/EA-02/MDI-P-EA-AVM-02/Aloxy-EA-02/data/basfbeant/70b3d57bb100002d/ValvePosition/properties/status/logicalPosition/openPercentage"
"C300_HV6151.PV",152840918661988380,"/System/Core/EA-02/MDI-P-EA-AVM-02/Aloxy-EA-02/data/basfbeant/70b3d57bb100002f/ValvePosition/properties/status/logicalPosition/openPercentage"
"C300_HV6175.PV",152840918819405860,"/System/Core/EA-02/MDI-P-EA-AVM-02/Aloxy-EA-02/data/basfbeant/70b3d57bb1000030/ValvePosition/properties/status/logicalPosition/openPercentage"
"C300_HV6176.PV",152840918899753000,"/System/Core/EA-02/MDI-P-EA-AVM-02/Aloxy-EA-02/data/basfbeant/70b3d57bb1000031/ValvePosition/properties/status/logicalPosition/openPercentage"
"C300_HV6079.PV",152840918780149800,"/System/Core/EA-02/MDI-P-EA-AVM-02/Aloxy-EA-02/data/basfbeant/70b3d57bb1000034/ValvePosition/properties/status/logicalPosition/openPercentage"
"C300_HV6179.PV",152840918604316700,"/System/Core/EA-02/MDI-P-EA-AVM-02/Aloxy-EA-02/data/basfbeant/70B3D57BB1000040/ValvePosition/properties/status/logicalPosition/openPercentage"
"C300_HV6080.PV",152840918749610020,"/System/Core/EA-02/MDI-P-EA-AVM-02/Aloxy-EA-02/data/basfbeant/70b3d57bb1000041/ValvePosition/properties/status/logicalPosition/openPercentage"
"C710_Demo01",152840918689579040,"/System/Core/EA-02/MDI-P-EA-AVM-02/Aloxy-EA-02/data/basfbeant/70B3D57BB100048E/ValvePosition/properties/status/logicalPosition/openPercentage"
"/System/Core/EA-02/MDI-P-EA-AVM-02/Aloxy-EA-02/data/basfbeant/70B3D57BB1000492/ValvePosition/properties/status/logicalPosition/open","PIMS_TEST.STATE.PVFL"
"/System/Core/EA-02/MDI-P-EA-AVM-02/Aloxy-EA-02/data/basfbeant/70B3D57BB1000492/ValvePosition/properties/status/logicalPosition/openPercentage","PIMS_TEST.PERCENTAGE _OPEN.PV"
"/System/Core/EA-02/MDI-P-EA-AVM-02/Aloxy-EA-02/data/basfbeant/70B3D57BB1000492/ValvePosition/properties/status/valid","PIMS_TEST.POSITION_VALID.PVFL"
"C300_HV6174.PV",152840918839984160,"/System/Core/EA-02/MDI-P-EA-AVM-02/Aloxy-EA-02/data/basfbeant/70B3D57BB100049A/ValvePosition/properties/status/logicalPosition/openPercentage"
"C300_HV6150.PV",152840918779035680,"/System/Core/EA-02/MDI-P-EA-AVM-02/Aloxy-EA-02/data/basfbeant/70B3D57BB10004B1/ValvePosition/properties/status/logicalPosition/openPercentage"
"C710_Demo02",152840918592061470,"/System/Core/EA-02/MDI-P-EA-AVM-02/Aloxy-EA-02/data/basfbeant/70B3D57BB10004D0/ValvePosition/properties/status/logicalPosition/openPercentage"
"D400_H261003.PV",152840918653272100,"/System/Core/EA-02/MDI-P-EA-AVM-02/Aloxy-EA-02/data/basfbeant/70B3D57BB10004D3/ValvePosition/properties/status/logicalPosition/openPercentage"
"D550_HV615_1.STATE.PVFL",152840918657204260,"/System/Core/EA-02/MDI-P-EA-AVM-02/Aloxy-EA-02/data/basfbeant/70B3D57BB100128F/ValvePosition/properties/status/logicalPosition/open"
"D550_HV615_1.PERCENTAGE _OPEN.PV",152840918657007650,"/System/Core/EA-02/MDI-P-EA-AVM-02/Aloxy-EA-02/data/basfbeant/70B3D57BB100128F/ValvePosition/properties/status/logicalPosition/openPercentage"
"D550_HV615_1.POSITION_VALID.PVFL",152840918656876580,"/System/Core/EA-02/MDI-P-EA-AVM-02/Aloxy-EA-02/data/basfbeant/70B3D57BB100128F/ValvePosition/properties/status/valid"
"D550_HV615_2.STATE.PVFL",152840918700458020,"/System/Core/EA-02/MDI-P-EA-AVM-02/Aloxy-EA-02/data/basfbeant/70B3D57BB1001290/ValvePosition/properties/status/logicalPosition/open"
"D550_HV615_2.PERCENTAGE _OPEN.PV",152840918700261400,"/System/Core/EA-02/MDI-P-EA-AVM-02/Aloxy-EA-02/data/basfbeant/70B3D57BB1001290/ValvePosition/properties/status/logicalPosition/openPercentage"
"D550_HV615_2.POSITION_VALID.PVFL",152840918700130340,"/System/Core/EA-02/MDI-P-EA-AVM-02/Aloxy-EA-02/data/basfbeant/70B3D57BB1001290/ValvePosition/properties/status/valid"
"D550_HV615_3.STATE.PVFL",152840918635773980,"/System/Core/EA-02/MDI-P-EA-AVM-02/Aloxy-EA-02/data/basfbeant/70B3D57BB1001291/ValvePosition/properties/status/logicalPosition/open"
"D550_HV615_3.PERCENTAGE _OPEN.PV",152840918635577380,"/System/Core/EA-02/MDI-P-EA-AVM-02/Aloxy-EA-02/data/basfbeant/70B3D57BB1001291/ValvePosition/properties/status/logicalPosition/openPercentage"
"D550_HV615_3.POSITION_VALID.PVFL",152840918635446300,"/System/Core/EA-02/MDI-P-EA-AVM-02/Aloxy-EA-02/data/basfbeant/70B3D57BB1001291/ValvePosition/properties/status/valid"
"D550_VPI615_1.STATE.PVFL",152840918729228320,"/System/Core/EA-02/MDI-P-EA-AVM-02/Aloxy-EA-02/data/basfbeant/70B3D57BB1001292/ValvePosition/properties/status/logicalPosition/open"
"D550_VPI615_1.PERCENTAGE _OPEN.PV",152840918729031700,"/System/Core/EA-02/MDI-P-EA-AVM-02/Aloxy-EA-02/data/basfbeant/70B3D57BB1001292/ValvePosition/properties/status/logicalPosition/openPercentage"
"D550_VPI615_1.POSITION_VALID.PVFL",152840918728900640,"/System/Core/EA-02/MDI-P-EA-AVM-02/Aloxy-EA-02/data/basfbeant/70B3D57BB1001292/ValvePosition/properties/status/valid"
"D550_VPI615_2.STATE.PVFL",152840918674898980,"/System/Core/EA-02/MDI-P-EA-AVM-02/Aloxy-EA-02/data/basfbeant/70B3D57BB1001293/ValvePosition/properties/status/logicalPosition/open"
"D550_VPI615_2.PERCENTAGE _OPEN.PV",152840918674702370,"/System/Core/EA-02/MDI-P-EA-AVM-02/Aloxy-EA-02/data/basfbeant/70B3D57BB1001293/ValvePosition/properties/status/logicalPosition/openPercentage"
"D550_VPI615_2.POSITION_VALID.PVFL",152840918674571300,"/System/Core/EA-02/MDI-P-EA-AVM-02/Aloxy-EA-02/data/basfbeant/70B3D57BB1001293/ValvePosition/properties/status/valid"
"D550_VPI615_3.STATE.PVFL",152840918648356900,"/System/Core/EA-02/MDI-P-EA-AVM-02/Aloxy-EA-02/data/basfbeant/70B3D57BB1001294/ValvePosition/properties/status/logicalPosition/open"
"D550_VPI615_3.PERCENTAGE _OPEN.PV",152840918648160300,"/System/Core/EA-02/MDI-P-EA-AVM-02/Aloxy-EA-02/data/basfbeant/70B3D57BB1001294/ValvePosition/properties/status/logicalPosition/openPercentage"
"D550_VPI615_3.POSITION_VALID.PVFL",152840918648029220,"/System/Core/EA-02/MDI-P-EA-AVM-02/Aloxy-EA-02/data/basfbeant/70B3D57BB1001294/ValvePosition/properties/status/valid"
"D550_VF622A5.STATE.PVFL",152840919005528100,"/System/Core/EA-02/MDI-P-EA-AVM-02/Aloxy-EA-02/data/basfbeant/70B3D57BB1001295/ValvePosition/properties/status/logicalPosition/open"
"D550_VF622A5.PERCENTAGE _OPEN.PV",152840919005331500,"/System/Core/EA-02/MDI-P-EA-AVM-02/Aloxy-EA-02/data/basfbeant/70B3D57BB1001295/ValvePosition/properties/status/logicalPosition/openPercentage"
"D550_VF622A5.POSITION_VALID.PVFL",152840919005200420,"/System/Core/EA-02/MDI-P-EA-AVM-02/Aloxy-EA-02/data/basfbeant/70B3D57BB1001295/ValvePosition/properties/status/valid"
"D550_VF622B5.STATE.PVFL",152840919016538140,"/System/Core/EA-02/MDI-P-EA-AVM-02/Aloxy-EA-02/data/basfbeant/70B3D57BB1001296/ValvePosition/properties/status/logicalPosition/open"
"D550_VF622B5.PERCENTAGE _OPEN.PV",152840919016341540,"/System/Core/EA-02/MDI-P-EA-AVM-02/Aloxy-EA-02/data/basfbeant/70B3D57BB1001296/ValvePosition/properties/status/logicalPosition/openPercentage"
"D550_VF622B5.POSITION_VALID.PVFL",152840919016210460,"/System/Core/EA-02/MDI-P-EA-AVM-02/Aloxy-EA-02/data/basfbeant/70B3D57BB1001296/ValvePosition/properties/status/valid"
"D550_VF622B6.STATE.PVFL",152840918971580450,"/System/Core/EA-02/MDI-P-EA-AVM-02/Aloxy-EA-02/data/basfbeant/70B3D57BB1001297/ValvePosition/properties/status/logicalPosition/open"
"D550_VF622B6.PERCENTAGE _OPEN.PV",152840918971383840,"/System/Core/EA-02/MDI-P-EA-AVM-02/Aloxy-EA-02/data/basfbeant/70B3D57BB1001297/ValvePosition/properties/status/logicalPosition/openPercentage"
"D550_VF622B6.POSITION_VALID.PVFL",152840918971252770,"/System/Core/EA-02/MDI-P-EA-AVM-02/Aloxy-EA-02/data/basfbeant/70B3D57BB1001297/ValvePosition/properties/status/valid"
"D550_VHV623A3.STATE.PVFL",152840918650191900,"/System/Core/EA-02/MDI-P-EA-AVM-02/Aloxy-EA-02/data/basfbeant/70B3D57BB1001298/ValvePosition/properties/status/logicalPosition/open"
"D550_VHV623A3.PERCENTAGE _OPEN.PV",152840918649995300,"/System/Core/EA-02/MDI-P-EA-AVM-02/Aloxy-EA-02/data/basfbeant/70B3D57BB1001298/ValvePosition/properties/status/logicalPosition/openPercentage"
"D550_VHV623A3.POSITION_VALID.PVFL",152840918649864220,"/System/Core/EA-02/MDI-P-EA-AVM-02/Aloxy-EA-02/data/basfbeant/70B3D57BB1001298/ValvePosition/properties/status/valid"
"D550_VY621-1.STATE.PVFL",152840919003234340,"/System/Core/EA-02/MDI-P-EA-AVM-02/Aloxy-EA-02/data/basfbeant/70B3D57BB1001299/ValvePosition/properties/status/logicalPosition/open"
"D550_VY621-1.PERCENTAGE _OPEN.PV",152840919003037730,"/System/Core/EA-02/MDI-P-EA-AVM-02/Aloxy-EA-02/data/basfbeant/70B3D57BB1001299/ValvePosition/properties/status/logicalPosition/openPercentage"
"D550_VY621-1.POSITION_VALID.PVFL",152840919002906660,"/System/Core/EA-02/MDI-P-EA-AVM-02/Aloxy-EA-02/data/basfbeant/70B3D57BB1001299/ValvePosition/properties/status/valid"
"D550_VY621-2.STATE.PVFL",152840919018438700,"/System/Core/EA-02/MDI-P-EA-AVM-02/Aloxy-EA-02/data/basfbeant/70B3D57BB100129A/ValvePosition/properties/status/logicalPosition/open"
"D550_VY621-2.PERCENTAGE _OPEN.PV",152840919018242080,"/System/Core/EA-02/MDI-P-EA-AVM-02/Aloxy-EA-02/data/basfbeant/70B3D57BB100129A/ValvePosition/properties/status/logicalPosition/openPercentage"
"D550_VY621-2.POSITION_VALID.PVFL",152840919018111000,"/System/Core/EA-02/MDI-P-EA-AVM-02/Aloxy-EA-02/data/basfbeant/70B3D57BB100129A/ValvePosition/properties/status/valid"
"D550_VPI865_1.STATE.PVFL",152840918637609000,"/System/Core/EA-02/MDI-P-EA-AVM-02/Aloxy-EA-02/data/basfbeant/70B3D57BB100129B/ValvePosition/properties/status/logicalPosition/open"
"D550_VPI865_1.PERCENTAGE _OPEN.PV",152840918637412380,"/System/Core/EA-02/MDI-P-EA-AVM-02/Aloxy-EA-02/data/basfbeant/70B3D57BB100129B/ValvePosition/properties/status/logicalPosition/openPercentage"
"D550_VPI865_1.POSITION_VALID.PVFL",152840918637281300,"/System/Core/EA-02/MDI-P-EA-AVM-02/Aloxy-EA-02/data/basfbeant/70B3D57BB100129B/ValvePosition/properties/status/valid"
"D550_VPI865_2.STATE.PVFL",152840918599663650,"/System/Core/EA-02/MDI-P-EA-AVM-02/Aloxy-EA-02/data/basfbeant/70B3D57BB100129C/ValvePosition/properties/status/logicalPosition/open"
"D550_VPI865_2.PERCENTAGE _OPEN.PV",152840918599467040,"/System/Core/EA-02/MDI-P-EA-AVM-02/Aloxy-EA-02/data/basfbeant/70B3D57BB100129C/ValvePosition/properties/status/logicalPosition/openPercentage"
"D550_VPI865_2.POSITION_VALID.PVFL",152840918599335970,"/System/Core/EA-02/MDI-P-EA-AVM-02/Aloxy-EA-02/data/basfbeant/70B3D57BB100129C/ValvePosition/properties/status/valid"
"D550_VPI865_3.STATE.PVFL",152840918615326750,"/System/Core/EA-02/MDI-P-EA-AVM-02/Aloxy-EA-02/data/basfbeant/70B3D57BB100129D/ValvePosition/properties/status/logicalPosition/open"
"D550_VPI865_3.PERCENTAGE _OPEN.PV",152840918615130140,"/System/Core/EA-02/MDI-P-EA-AVM-02/Aloxy-EA-02/data/basfbeant/70B3D57BB100129D/ValvePosition/properties/status/logicalPosition/openPercentage"
"D550_VPI865_3.POSITION_VALID.PVFL",152840918614999070,"/System/Core/EA-02/MDI-P-EA-AVM-02/Aloxy-EA-02/data/basfbeant/70B3D57BB100129D/ValvePosition/properties/status/valid"
"D550_VPI867_1.STATE.PVFL",152840918925049900,"/System/Core/EA-02/MDI-P-EA-AVM-02/Aloxy-EA-02/data/basfbeant/70B3D57BB100129E/ValvePosition/properties/status/logicalPosition/open"
"D550_VPI867_1.PERCENTAGE _OPEN.PV",152840918924853280,"/System/Core/EA-02/MDI-P-EA-AVM-02/Aloxy-EA-02/data/basfbeant/70B3D57BB100129E/ValvePosition/properties/status/logicalPosition/openPercentage"
"D550_VPI867_1.POSITION_VALID.PVFL",152840918924722200,"/System/Core/EA-02/MDI-P-EA-AVM-02/Aloxy-EA-02/data/basfbeant/70B3D57BB100129E/ValvePosition/properties/status/valid"
"D550_VPI867_2.STATE.PVFL",152840918958014500,"/System/Core/EA-02/MDI-P-EA-AVM-02/Aloxy-EA-02/data/basfbeant/70B3D57BB100129F/ValvePosition/properties/status/logicalPosition/open"
"D550_VPI867_2.PERCENTAGE _OPEN.PV",152840918957817900,"/System/Core/EA-02/MDI-P-EA-AVM-02/Aloxy-EA-02/data/basfbeant/70B3D57BB100129F/ValvePosition/properties/status/logicalPosition/openPercentage"
"D550_VPI867_2.POSITION_VALID.PVFL",152840918957686820,"/System/Core/EA-02/MDI-P-EA-AVM-02/Aloxy-EA-02/data/basfbeant/70B3D57BB100129F/ValvePosition/properties/status/valid"
"D550_VPI867_3.STATE.PVFL",152840918959849500,"/System/Core/EA-02/MDI-P-EA-AVM-02/Aloxy-EA-02/data/basfbeant/70B3D57BB10012A0/ValvePosition/properties/status/logicalPosition/open"
"D550_VPI867_3.PERCENTAGE _OPEN.PV",152840918959652900,"/System/Core/EA-02/MDI-P-EA-AVM-02/Aloxy-EA-02/data/basfbeant/70B3D57BB10012A0/ValvePosition/properties/status/logicalPosition/openPercentage"
"D550_VPI867_3.POSITION_VALID.PVFL",152840918959521820,"/System/Core/EA-02/MDI-P-EA-AVM-02/Aloxy-EA-02/data/basfbeant/70B3D57BB10012A0/ValvePosition/properties/status/valid"
"D550_VPI906A.STATE.PVFL",152840918581575700,"/System/Core/EA-02/MDI-P-EA-AVM-02/Aloxy-EA-02/data/basfbeant/70B3D57BB10012A1/ValvePosition/properties/status/logicalPosition/open"
"D550_VPI906A.PERCENTAGE _OPEN.PV",152840918581379100,"/System/Core/EA-02/MDI-P-EA-AVM-02/Aloxy-EA-02/data/basfbeant/70B3D57BB10012A1/ValvePosition/properties/status/logicalPosition/openPercentage"
"D550_VPI906A.POSITION_VALID.PVFL",152840918581248030,"/System/Core/EA-02/MDI-P-EA-AVM-02/Aloxy-EA-02/data/basfbeant/70B3D57BB10012A1/ValvePosition/properties/status/valid"
"D550_VLI6502A1-2.STATE.PVFL",152840918626467870,"/System/Core/EA-02/MDI-P-EA-AVM-02/Aloxy-EA-02/data/basfbeant/70B3D57BB10012A2/ValvePosition/properties/status/logicalPosition/open"
"D550_VLI6502A1-2.PERCENTAGE _OPEN.PV",152840918626271260,"/System/Core/EA-02/MDI-P-EA-AVM-02/Aloxy-EA-02/data/basfbeant/70B3D57BB10012A2/ValvePosition/properties/status/logicalPosition/openPercentage"
"D550_VLI6502A1-2.POSITION_VALID.PVFL",152840918626140200,"/System/Core/EA-02/MDI-P-EA-AVM-02/Aloxy-EA-02/data/basfbeant/70B3D57BB10012A2/ValvePosition/properties/status/valid"
"D550_VPI906B.STATE.PVFL",152840918671228960,"/System/Core/EA-02/MDI-P-EA-AVM-02/Aloxy-EA-02/data/basfbeant/70B3D57BB10012A3/ValvePosition/properties/status/logicalPosition/open"
"D550_VPI906B.PERCENTAGE _OPEN.PV",152840918671032350,"/System/Core/EA-02/MDI-P-EA-AVM-02/Aloxy-EA-02/data/basfbeant/70B3D57BB10012A3/ValvePosition/properties/status/logicalPosition/openPercentage"
"D550_VPI906B.POSITION_VALID.PVFL",152840918670901280,"/System/Core/EA-02/MDI-P-EA-AVM-02/Aloxy-EA-02/data/basfbeant/70B3D57BB10012A3/ValvePosition/properties/status/valid"
"D550_VBX5986_1.STATE.PVFL",152840918664347680,"/System/Core/EA-02/MDI-P-EA-AVM-02/Aloxy-EA-02/data/basfbeant/70B3D57BB10012A4/ValvePosition/properties/status/logicalPosition/open"
"D550_VBX5986_1.PERCENTAGE _OPEN.PV",152840918664151070,"/System/Core/EA-02/MDI-P-EA-AVM-02/Aloxy-EA-02/data/basfbeant/70B3D57BB10012A4/ValvePosition/properties/status/logicalPosition/openPercentage"
"D550_VBX5986_1.POSITION_VALID.PVFL",152840918664020000,"/System/Core/EA-02/MDI-P-EA-AVM-02/Aloxy-EA-02/data/basfbeant/70B3D57BB10012A4/ValvePosition/properties/status/valid"
"D550_VLI6502A1-1.STATE.PVFL",152840918597828640,"/System/Core/EA-02/MDI-P-EA-AVM-02/Aloxy-EA-02/data/basfbeant/70B3D57BB10012A5/ValvePosition/properties/status/logicalPosition/open"
"D550_VLI6502A1-1.PERCENTAGE _OPEN.PV",152840918597632030,"/System/Core/EA-02/MDI-P-EA-AVM-02/Aloxy-EA-02/data/basfbeant/70B3D57BB10012A5/ValvePosition/properties/status/logicalPosition/openPercentage"
"D550_VLI6502A1-1.POSITION_VALID.PVFL",152840918597500960,"/System/Core/EA-02/MDI-P-EA-AVM-02/Aloxy-EA-02/data/basfbeant/70B3D57BB10012A5/ValvePosition/properties/status/valid"
"D550_3585-13.STATE.PVFL",152840918727393300,"/System/Core/EA-02/MDI-P-EA-AVM-02/Aloxy-EA-02/data/basfbeant/70B3D57BB10012A6/ValvePosition/properties/status/logicalPosition/open"
"D550_3585-13.PERCENTAGE _OPEN.PV",152840918727196700,"/System/Core/EA-02/MDI-P-EA-AVM-02/Aloxy-EA-02/data/basfbeant/70B3D57BB10012A6/ValvePosition/properties/status/logicalPosition/openPercentage"
"D550_3585-13.POSITION_VALID.PVFL",152840918727065630,"/System/Core/EA-02/MDI-P-EA-AVM-02/Aloxy-EA-02/data/basfbeant/70B3D57BB10012A6/ValvePosition/properties/status/valid"
"D550_VLI6502A1-3.STATE.PVFL",152840918666182700,"/System/Core/EA-02/MDI-P-EA-AVM-02/Aloxy-EA-02/data/basfbeant/70B3D57BB10012A7/ValvePosition/properties/status/logicalPosition/open"
"D550_VLI6502A1-3.PERCENTAGE _OPEN.PV",152840918665986080,"/System/Core/EA-02/MDI-P-EA-AVM-02/Aloxy-EA-02/data/basfbeant/70B3D57BB10012A7/ValvePosition/properties/status/logicalPosition/openPercentage"
"D550_VLI6502A1-3.POSITION_VALID.PVFL",152840918665855000,"/System/Core/EA-02/MDI-P-EA-AVM-02/Aloxy-EA-02/data/basfbeant/70B3D57BB10012A7/ValvePosition/properties/status/valid"
"D550_VLI6502A1-4.STATE.PVFL",152840918620897300,"/System/Core/EA-02/MDI-P-EA-AVM-02/Aloxy-EA-02/data/basfbeant/70B3D57BB10012A8/ValvePosition/properties/status/logicalPosition/open"
"D550_VLI6502A1-4.PERCENTAGE _OPEN.PV",152840918620700700,"/System/Core/EA-02/MDI-P-EA-AVM-02/Aloxy-EA-02/data/basfbeant/70B3D57BB10012A8/ValvePosition/properties/status/logicalPosition/openPercentage"
"D550_VLI6502A1-4.POSITION_VALID.PVFL",152840918620569630,"/System/Core/EA-02/MDI-P-EA-AVM-02/Aloxy-EA-02/data/basfbeant/70B3D57BB10012A8/ValvePosition/properties/status/valid"
"D550_VB6110A.STATE.PVFL",152840918766649380,"/System/Core/EA-02/MDI-P-EA-AVM-02/Aloxy-EA-02/data/basfbeant/70B3D57BB10012AA/ValvePosition/properties/status/logicalPosition/open"
"D550_VB6110A.PERCENTAGE _OPEN.PV",152840918766452770,"/System/Core/EA-02/MDI-P-EA-AVM-02/Aloxy-EA-02/data/basfbeant/70B3D57BB10012AA/ValvePosition/properties/status/logicalPosition/openPercentage"
"D550_VB6110A.POSITION_VALID.PVFL",152840918766321700,"/System/Core/EA-02/MDI-P-EA-AVM-02/Aloxy-EA-02/data/basfbeant/70B3D57BB10012AA/ValvePosition/properties/status/valid"
"D550_VFI6510C3-1.STATE.PVFL",152840918622732320,"/System/Core/EA-02/MDI-P-EA-AVM-02/Aloxy-EA-02/data/basfbeant/70B3D57BB10012AB/ValvePosition/properties/status/logicalPosition/open"
"D550_VFI6510C3-1.PERCENTAGE _OPEN.PV",152840918622535700,"/System/Core/EA-02/MDI-P-EA-AVM-02/Aloxy-EA-02/data/basfbeant/70B3D57BB10012AB/ValvePosition/properties/status/logicalPosition/openPercentage"
"D550_VFI6510C3-1.POSITION_VALID.PVFL",152840918622404640,"/System/Core/EA-02/MDI-P-EA-AVM-02/Aloxy-EA-02/data/basfbeant/70B3D57BB10012AB/ValvePosition/properties/status/valid"
"D550_VB6100K6.4.STATE.PVFL",152840918743646240,"/System/Core/EA-02/MDI-P-EA-AVM-02/Aloxy-EA-02/data/basfbeant/70B3D57BB10012B0/ValvePosition/properties/status/logicalPosition/open"
"D550_VB6100K6.4.PERCENTAGE _OPEN.PV",152840918743449630,"/System/Core/EA-02/MDI-P-EA-AVM-02/Aloxy-EA-02/data/basfbeant/70B3D57BB10012B0/ValvePosition/properties/status/logicalPosition/openPercentage"
"D550_VB6100K6.4.POSITION_VALID.PVFL",152840918743318560,"/System/Core/EA-02/MDI-P-EA-AVM-02/Aloxy-EA-02/data/basfbeant/70B3D57BB10012B0/ValvePosition/properties/status/valid"
"D550_VA6730_3.STATE.PVFL",152840918929571870,"/System/Core/EA-02/MDI-P-EA-AVM-02/Aloxy-EA-02/data/basfbeant/70B3D57BB10012B1/ValvePosition/properties/status/logicalPosition/open"
"D550_VA6730_3.PERCENTAGE _OPEN.PV",152840918929375260,"/System/Core/EA-02/MDI-P-EA-AVM-02/Aloxy-EA-02/data/basfbeant/70B3D57BB10012B1/ValvePosition/properties/status/logicalPosition/openPercentage"
"D550_VA6730_3.POSITION_VALID.PVFL",152840918929244200,"/System/Core/EA-02/MDI-P-EA-AVM-02/Aloxy-EA-02/data/basfbeant/70B3D57BB10012B1/ValvePosition/properties/status/valid"
"D550_VFI6510C3-2.STATE.PVFL",152840918947987500,"/System/Core/EA-02/MDI-P-EA-AVM-02/Aloxy-EA-02/data/basfbeant/70B3D57BB10012B2/ValvePosition/properties/status/logicalPosition/open"
"D550_VFI6510C3-2.PERCENTAGE _OPEN.PV",152840918947790880,"/System/Core/EA-02/MDI-P-EA-AVM-02/Aloxy-EA-02/data/basfbeant/70B3D57BB10012B2/ValvePosition/properties/status/logicalPosition/openPercentage"
"D550_VFI6510C3-2.POSITION_VALID.PVFL",152840918947659800,"/System/Core/EA-02/MDI-P-EA-AVM-02/Aloxy-EA-02/data/basfbeant/70B3D57BB10012B2/ValvePosition/properties/status/valid"
"D550_VPI7825C.STATE.PVFL",152840918849355800,"/System/Core/EA-02/MDI-P-EA-AVM-02/Aloxy-EA-02/data/basfbeant/70B3D57BB10012B3/ValvePosition/properties/status/logicalPosition/open"
"D550_VPI7825C.PERCENTAGE _OPEN.PV",152840918849159200,"/System/Core/EA-02/MDI-P-EA-AVM-02/Aloxy-EA-02/data/basfbeant/70B3D57BB10012B3/ValvePosition/properties/status/logicalPosition/openPercentage"
"D550_VPI7825C.POSITION_VALID.PVFL",152840918849028130,"/System/Core/EA-02/MDI-P-EA-AVM-02/Aloxy-EA-02/data/basfbeant/70B3D57BB10012B3/ValvePosition/properties/status/valid"
"D550_VPI7824C.STATE.PVFL",152840918859055140,"/System/Core/EA-02/MDI-P-EA-AVM-02/Aloxy-EA-02/data/basfbeant/70B3D57BB10012B6/ValvePosition/properties/status/logicalPosition/open"
"D550_VPI7824C.PERCENTAGE _OPEN.PV",152840918858858530,"/System/Core/EA-02/MDI-P-EA-AVM-02/Aloxy-EA-02/data/basfbeant/70B3D57BB10012B6/ValvePosition/properties/status/logicalPosition/openPercentage"
"D550_VPI7824C.POSITION_VALID.PVFL",152840918858727460,"/System/Core/EA-02/MDI-P-EA-AVM-02/Aloxy-EA-02/data/basfbeant/70B3D57BB10012B6/ValvePosition/properties/status/valid"
"D550_VLI6503C3-4.STATE.PVFL",152840918630203420,"/System/Core/EA-02/MDI-P-EA-AVM-02/Aloxy-EA-02/data/basfbeant/70B3D57BB10012BB/ValvePosition/properties/status/logicalPosition/open"
"D550_VLI6503C3-4.PERCENTAGE _OPEN.PV",152840918630006820,"/System/Core/EA-02/MDI-P-EA-AVM-02/Aloxy-EA-02/data/basfbeant/70B3D57BB10012BB/ValvePosition/properties/status/logicalPosition/openPercentage"
"D550_VLI6503C3-4.POSITION_VALID.PVFL",152840918629875740,"/System/Core/EA-02/MDI-P-EA-AVM-02/Aloxy-EA-02/data/basfbeant/70B3D57BB10012BB/ValvePosition/properties/status/valid"
"D550_VLI6503C3-3.STATE.PVFL",152840918676733980,"/System/Core/EA-02/MDI-P-EA-AVM-02/Aloxy-EA-02/data/basfbeant/70B3D57BB10012BC/ValvePosition/properties/status/logicalPosition/open"
"D550_VLI6503C3-3.PERCENTAGE _OPEN.PV",152840918676537380,"/System/Core/EA-02/MDI-P-EA-AVM-02/Aloxy-EA-02/data/basfbeant/70B3D57BB10012BC/ValvePosition/properties/status/logicalPosition/openPercentage"
"D550_VLI6503C3-3.POSITION_VALID.PVFL",152840918676406300,"/System/Core/EA-02/MDI-P-EA-AVM-02/Aloxy-EA-02/data/basfbeant/70B3D57BB10012BC/ValvePosition/properties/status/valid"
"D550_VLI6503C3-2.STATE.PVFL",152840918601498660,"/System/Core/EA-02/MDI-P-EA-AVM-02/Aloxy-EA-02/data/basfbeant/70B3D57BB10012BD/ValvePosition/properties/status/logicalPosition/open"
"D550_VLI6503C3-2.PERCENTAGE _OPEN.PV",152840918601302050,"/System/Core/EA-02/MDI-P-EA-AVM-02/Aloxy-EA-02/data/basfbeant/70B3D57BB10012BD/ValvePosition/properties/status/logicalPosition/openPercentage"
"D550_VLI6503C3-2.POSITION_VALID.PVFL",152840918601170980,"/System/Core/EA-02/MDI-P-EA-AVM-02/Aloxy-EA-02/data/basfbeant/70B3D57BB10012BD/ValvePosition/properties/status/valid"
"D550_VLI6503C3-1.STATE.PVFL",152840918588915740,"/System/Core/EA-02/MDI-P-EA-AVM-02/Aloxy-EA-02/data/basfbeant/70B3D57BB10012BE/ValvePosition/properties/status/logicalPosition/open"
"D550_VLI6503C3-1.PERCENTAGE _OPEN.PV",152840918588719140,"/System/Core/EA-02/MDI-P-EA-AVM-02/Aloxy-EA-02/data/basfbeant/70B3D57BB10012BE/ValvePosition/properties/status/logicalPosition/openPercentage"
"D550_VLI6503C3-1.POSITION_VALID.PVFL",152840918588588060,"/System/Core/EA-02/MDI-P-EA-AVM-02/Aloxy-EA-02/data/basfbeant/70B3D57BB10012BE/ValvePosition/properties/status/valid"
"D550_VLI6503C2-4.STATE.PVFL",152840918931472420,"/System/Core/EA-02/MDI-P-EA-AVM-02/Aloxy-EA-02/data/basfbeant/70B3D57BB10012BF/ValvePosition/properties/status/logicalPosition/open"
"D550_VLI6503C2-4.PERCENTAGE _OPEN.PV",152840918931275800,"/System/Core/EA-02/MDI-P-EA-AVM-02/Aloxy-EA-02/data/basfbeant/70B3D57BB10012BF/ValvePosition/properties/status/logicalPosition/openPercentage"
"D550_VLI6503C2-4.POSITION_VALID.PVFL",152840918931144740,"/System/Core/EA-02/MDI-P-EA-AVM-02/Aloxy-EA-02/data/basfbeant/70B3D57BB10012BF/ValvePosition/properties/status/valid"
"D550_VLI6503C2-3.STATE.PVFL",152840918639444000,"/System/Core/EA-02/MDI-P-EA-AVM-02/Aloxy-EA-02/data/basfbeant/70B3D57BB10012C0/ValvePosition/properties/status/logicalPosition/open"
"D550_VLI6503C2-3.PERCENTAGE _OPEN.PV",152840918639247400,"/System/Core/EA-02/MDI-P-EA-AVM-02/Aloxy-EA-02/data/basfbeant/70B3D57BB10012C0/ValvePosition/properties/status/logicalPosition/openPercentage"
"D550_VLI6503C2-3.POSITION_VALID.PVFL",152840918639116320,"/System/Core/EA-02/MDI-P-EA-AVM-02/Aloxy-EA-02/data/basfbeant/70B3D57BB10012C0/ValvePosition/properties/status/valid"
"D550_VLI6503C2-2.STATE.PVFL",152840918747316260,"/System/Core/EA-02/MDI-P-EA-AVM-02/Aloxy-EA-02/data/basfbeant/70B3D57BB10012C1/ValvePosition/properties/status/logicalPosition/open"
"D550_VLI6503C2-2.PERCENTAGE _OPEN.PV",152840918747119650,"/System/Core/EA-02/MDI-P-EA-AVM-02/Aloxy-EA-02/data/basfbeant/70B3D57BB10012C1/ValvePosition/properties/status/logicalPosition/openPercentage"
"D550_VLI6503C2-2.POSITION_VALID.PVFL",152840918746988580,"/System/Core/EA-02/MDI-P-EA-AVM-02/Aloxy-EA-02/data/basfbeant/70B3D57BB10012C1/ValvePosition/properties/status/valid"
"D550_VLI6503C2-1.STATE.PVFL",152840918610542620,"/System/Core/EA-02/MDI-P-EA-AVM-02/Aloxy-EA-02/data/basfbeant/70B3D57BB10012C2/ValvePosition/properties/status/logicalPosition/open"
"D550_VLI6503C2-1.PERCENTAGE _OPEN.PV",152840918610149400,"/System/Core/EA-02/MDI-P-EA-AVM-02/Aloxy-EA-02/data/basfbeant/70B3D57BB10012C2/ValvePosition/properties/status/logicalPosition/openPercentage"
"D550_VLI6503C2-1.POSITION_VALID.PVFL",152840918610018340,"/System/Core/EA-02/MDI-P-EA-AVM-02/Aloxy-EA-02/data/basfbeant/70B3D57BB10012C2/ValvePosition/properties/status/valid"
"D550_VLI6503C1-4.STATE.PVFL",152840918838345760,"/System/Core/EA-02/MDI-P-EA-AVM-02/Aloxy-EA-02/data/basfbeant/70B3D57BB10012C3/ValvePosition/properties/status/logicalPosition/open"
"D550_VLI6503C1-4.PERCENTAGE _OPEN.PV",152840918838149150,"/System/Core/EA-02/MDI-P-EA-AVM-02/Aloxy-EA-02/data/basfbeant/70B3D57BB10012C3/ValvePosition/properties/status/logicalPosition/openPercentage"
"D550_VLI6503C1-4.POSITION_VALID.PVFL",152840918838018080,"/System/Core/EA-02/MDI-P-EA-AVM-02/Aloxy-EA-02/data/basfbeant/70B3D57BB10012C3/ValvePosition/properties/status/valid"
"D550_VLI6503C1-3.STATE.PVFL",152840918825435170,"/System/Core/EA-02/MDI-P-EA-AVM-02/Aloxy-EA-02/data/basfbeant/70B3D57BB10012F5/ValvePosition/properties/status/logicalPosition/open"
"D550_VLI6503C1-3.PERCENTAGE _OPEN.PV",152840918825238560,"/System/Core/EA-02/MDI-P-EA-AVM-02/Aloxy-EA-02/data/basfbeant/70B3D57BB10012F5/ValvePosition/properties/status/logicalPosition/openPercentage"
"D550_VLI6503C1-3.POSITION_VALID.PVFL",152840918825107500,"/System/Core/EA-02/MDI-P-EA-AVM-02/Aloxy-EA-02/data/basfbeant/70B3D57BB10012F5/ValvePosition/properties/status/valid"
"D550_VLI6503C1-2.STATE.PVFL",152840918823600160,"/System/Core/EA-02/MDI-P-EA-AVM-02/Aloxy-EA-02/data/basfbeant/70B3D57BB10012F6/ValvePosition/properties/status/logicalPosition/open"
"D550_VLI6503C1-2.PERCENTAGE _OPEN.PV",152840918823403550,"/System/Core/EA-02/MDI-P-EA-AVM-02/Aloxy-EA-02/data/basfbeant/70B3D57BB10012F6/ValvePosition/properties/status/logicalPosition/openPercentage"
"D550_VLI6503C1-2.POSITION_VALID.PVFL",152840918823272480,"/System/Core/EA-02/MDI-P-EA-AVM-02/Aloxy-EA-02/data/basfbeant/70B3D57BB10012F6/ValvePosition/properties/status/valid"
"D550_VLI6503C1-1.STATE.PVFL",152840918809772060,"/System/Core/EA-02/MDI-P-EA-AVM-02/Aloxy-EA-02/data/basfbeant/70B3D57BB10012F7/ValvePosition/properties/status/logicalPosition/open"
"D550_VLI6503C1-1.PERCENTAGE _OPEN.PV",152840918809575460,"/System/Core/EA-02/MDI-P-EA-AVM-02/Aloxy-EA-02/data/basfbeant/70B3D57BB10012F7/ValvePosition/properties/status/logicalPosition/openPercentage"
"D550_VLI6503C1-1.POSITION_VALID.PVFL",152840918809444380,"/System/Core/EA-02/MDI-P-EA-AVM-02/Aloxy-EA-02/data/basfbeant/70B3D57BB10012F7/ValvePosition/properties/status/valid"
"D550_VLI6502A2-4.STATE.PVFL",152840918585245730,"/System/Core/EA-02/MDI-P-EA-AVM-02/Aloxy-EA-02/data/basfbeant/70B3D57BB10012F8/ValvePosition/properties/status/logicalPosition/open"
"D550_VLI6502A2-4.PERCENTAGE _OPEN.PV",152840918585049120,"/System/Core/EA-02/MDI-P-EA-AVM-02/Aloxy-EA-02/data/basfbeant/70B3D57BB10012F8/ValvePosition/properties/status/logicalPosition/openPercentage"
"D550_VLI6502A2-4.POSITION_VALID.PVFL",152840918584918050,"/System/Core/EA-02/MDI-P-EA-AVM-02/Aloxy-EA-02/data/basfbeant/70B3D57BB10012F8/ValvePosition/properties/status/valid"
"D550_VLI6502A2-3.STATE.PVFL",152840918613491740,"/System/Core/EA-02/MDI-P-EA-AVM-02/Aloxy-EA-02/data/basfbeant/70B3D57BB10012F9/ValvePosition/properties/status/logicalPosition/open"
"D550_VLI6502A2-3.PERCENTAGE _OPEN.PV",152840918613295140,"/System/Core/EA-02/MDI-P-EA-AVM-02/Aloxy-EA-02/data/basfbeant/70B3D57BB10012F9/ValvePosition/properties/status/logicalPosition/openPercentage"
"D550_VLI6502A2-3.POSITION_VALID.PVFL",152840918613164060,"/System/Core/EA-02/MDI-P-EA-AVM-02/Aloxy-EA-02/data/basfbeant/70B3D57BB10012F9/ValvePosition/properties/status/valid"
"D550_VLI6502A2-1.STATE.PVFL",152840918595928100,"/System/Core/EA-02/MDI-P-EA-AVM-02/Aloxy-EA-02/data/basfbeant/70B3D57BB10012FA/ValvePosition/properties/status/logicalPosition/open"
"D550_VLI6502A2-1.PERCENTAGE _OPEN.PV",152840918595731500,"/System/Core/EA-02/MDI-P-EA-AVM-02/Aloxy-EA-02/data/basfbeant/70B3D57BB10012FA/ValvePosition/properties/status/logicalPosition/openPercentage"
"D550_VLI6502A2-1.POSITION_VALID.PVFL",152840918595600420,"/System/Core/EA-02/MDI-P-EA-AVM-02/Aloxy-EA-02/data/basfbeant/70B3D57BB10012FA/ValvePosition/properties/status/valid"
"D550_VLI6502A2-2.STATE.PVFL",152840918659104800,"/System/Core/EA-02/MDI-P-EA-AVM-02/Aloxy-EA-02/data/basfbeant/70B3D57BB10012FB/ValvePosition/properties/status/logicalPosition/open"
"D550_VLI6502A2-2.PERCENTAGE _OPEN.PV",152840918658908200,"/System/Core/EA-02/MDI-P-EA-AVM-02/Aloxy-EA-02/data/basfbeant/70B3D57BB10012FB/ValvePosition/properties/status/logicalPosition/openPercentage"
"D550_VLI6502A2-2.POSITION_VALID.PVFL",152840918658777120,"/System/Core/EA-02/MDI-P-EA-AVM-02/Aloxy-EA-02/data/basfbeant/70B3D57BB10012FB/ValvePosition/properties/status/valid"
"D550_VFI6510C1-1.STATE.PVFL",152840918632038430,"/System/Core/EA-02/MDI-P-EA-AVM-02/Aloxy-EA-02/data/basfbeant/70B3D57BB10013A5/ValvePosition/properties/status/logicalPosition/open"
"D550_VFI6510C1-1.PERCENTAGE _OPEN.PV",152840918631841820,"/System/Core/EA-02/MDI-P-EA-AVM-02/Aloxy-EA-02/data/basfbeant/70B3D57BB10013A5/ValvePosition/properties/status/logicalPosition/openPercentage"
"D550_VFI6510C1-1.POSITION_VALID.PVFL",152840918631710750,"/System/Core/EA-02/MDI-P-EA-AVM-02/Aloxy-EA-02/data/basfbeant/70B3D57BB10013A5/ValvePosition/properties/status/valid"
"D550_VB6504B.STATE.PVFL",152840918897000480,"/System/Core/EA-02/MDI-P-EA-AVM-02/Aloxy-EA-02/data/basfbeant/70B3D57BB10013A6/ValvePosition/properties/status/logicalPosition/open"
"D550_VB6504B.PERCENTAGE _OPEN.PV",152840918896803870,"/System/Core/EA-02/MDI-P-EA-AVM-02/Aloxy-EA-02/data/basfbeant/70B3D57BB10013A6/ValvePosition/properties/status/logicalPosition/openPercentage"
"D550_VB6504B.POSITION_VALID.PVFL",152840918896672800,"/System/Core/EA-02/MDI-P-EA-AVM-02/Aloxy-EA-02/data/basfbeant/70B3D57BB10013A6/ValvePosition/properties/status/valid"
"D550_VFI6510C2-1.STATE.PVFL",152840918768484380,"/System/Core/EA-02/MDI-P-EA-AVM-02/Aloxy-EA-02/data/basfbeant/70B3D57BB10013A7/ValvePosition/properties/status/logicalPosition/open"
"D550_VFI6510C2-1.PERCENTAGE _OPEN.PV",152840918768287780,"/System/Core/EA-02/MDI-P-EA-AVM-02/Aloxy-EA-02/data/basfbeant/70B3D57BB10013A7/ValvePosition/properties/status/logicalPosition/openPercentage"
"D550_VFI6510C2-1.POSITION_VALID.PVFL",152840918768156700,"/System/Core/EA-02/MDI-P-EA-AVM-02/Aloxy-EA-02/data/basfbeant/70B3D57BB10013A7/ValvePosition/properties/status/valid"
"/System/Core/EA-02/MDI-P-EA-AVM-02/Aloxy-EA-02/data/basfbeant/70B3D57BB10013A8/ValvePosition/properties/status/logicalPosition/open","D550_VLI6112K1-2.STATE.PVFL"
"/System/Core/EA-02/MDI-P-EA-AVM-02/Aloxy-EA-02/data/basfbeant/70B3D57BB10013A8/ValvePosition/properties/status/logicalPosition/openPercentage","D550_VLI6112K1-2.PERCENTAGE _OPEN.PV"
"/System/Core/EA-02/MDI-P-EA-AVM-02/Aloxy-EA-02/data/basfbeant/70B3D57BB10013A8/ValvePosition/properties/status/valid","D550_VLI6112K1-2.POSITION_VALID.PVFL"
"D550_VLI6112K2-1.STATE.PVFL",152840918755639330,"/System/Core/EA-02/MDI-P-EA-AVM-02/Aloxy-EA-02/data/basfbeant/70B3D57BB10013A9/ValvePosition/properties/status/logicalPosition/open"
"D550_VLI6112K2-1.PERCENTAGE _OPEN.PV",152840918755442720,"/System/Core/EA-02/MDI-P-EA-AVM-02/Aloxy-EA-02/data/basfbeant/70B3D57BB10013A9/ValvePosition/properties/status/logicalPosition/openPercentage"
"D550_VLI6112K2-1.POSITION_VALID.PVFL",152840918755311650,"/System/Core/EA-02/MDI-P-EA-AVM-02/Aloxy-EA-02/data/basfbeant/70B3D57BB10013A9/ValvePosition/properties/status/valid"
"D550_VB6100K6.2.STATE.PVFL",152840918759309340,"/System/Core/EA-02/MDI-P-EA-AVM-02/Aloxy-EA-02/data/basfbeant/70B3D57BB10013AC/ValvePosition/properties/status/logicalPosition/open"
"D550_VB6100K6.2.PERCENTAGE _OPEN.PV",152840918759112740,"/System/Core/EA-02/MDI-P-EA-AVM-02/Aloxy-EA-02/data/basfbeant/70B3D57BB10013AC/ValvePosition/properties/status/logicalPosition/openPercentage"
"D550_VB6100K6.2.POSITION_VALID.PVFL",152840918758981660,"/System/Core/EA-02/MDI-P-EA-AVM-02/Aloxy-EA-02/data/basfbeant/70B3D57BB10013AC/ValvePosition/properties/status/valid"
"D550_VFI6510C2-2.STATE.PVFL",152840918950608930,"/System/Core/EA-02/MDI-P-EA-AVM-02/Aloxy-EA-02/data/basfbeant/70B3D57BB10013AD/ValvePosition/properties/status/logicalPosition/open"
"D550_VFI6510C2-2.PERCENTAGE _OPEN.PV",152840918950412320,"/System/Core/EA-02/MDI-P-EA-AVM-02/Aloxy-EA-02/data/basfbeant/70B3D57BB10013AD/ValvePosition/properties/status/logicalPosition/openPercentage"
"D550_VFI6510C2-2.POSITION_VALID.PVFL",152840918950281250,"/System/Core/EA-02/MDI-P-EA-AVM-02/Aloxy-EA-02/data/basfbeant/70B3D57BB10013AD/ValvePosition/properties/status/valid"
"D550_VB6100K6.1.STATE.PVFL",152840918770384930,"/System/Core/EA-02/MDI-P-EA-AVM-02/Aloxy-EA-02/data/basfbeant/70B3D57BB10013AE/ValvePosition/properties/status/logicalPosition/open"
"D550_VB6100K6.1.PERCENTAGE _OPEN.PV",152840918770188320,"/System/Core/EA-02/MDI-P-EA-AVM-02/Aloxy-EA-02/data/basfbeant/70B3D57BB10013AE/ValvePosition/properties/status/logicalPosition/openPercentage"
"D550_VB6100K6.1.POSITION_VALID.PVFL",152840918770057250,"/System/Core/EA-02/MDI-P-EA-AVM-02/Aloxy-EA-02/data/basfbeant/70B3D57BB10013AE/ValvePosition/properties/status/valid"
"D550_VFI6510C1-2.STATE.PVFL",152840918965354530,"/System/Core/EA-02/MDI-P-EA-AVM-02/Aloxy-EA-02/data/basfbeant/70B3D57BB10013AF/ValvePosition/properties/status/logicalPosition/open"
"D550_VFI6510C1-2.PERCENTAGE _OPEN.PV",152840918965157920,"/System/Core/EA-02/MDI-P-EA-AVM-02/Aloxy-EA-02/data/basfbeant/70B3D57BB10013AF/ValvePosition/properties/status/logicalPosition/openPercentage"
"D550_VFI6510C1-2.POSITION_VALID.PVFL",152840918965026850,"/System/Core/EA-02/MDI-P-EA-AVM-02/Aloxy-EA-02/data/basfbeant/70B3D57BB10013AF/ValvePosition/properties/status/valid"
"D550_VB6110B.STATE.PVFL",152840918617161760,"/System/Core/EA-02/MDI-P-EA-AVM-02/Aloxy-EA-02/data/basfbeant/70B3D57BB10013B1/ValvePosition/properties/status/logicalPosition/open"
"D550_VB6110B.PERCENTAGE _OPEN.PV",152840918616965150,"/System/Core/EA-02/MDI-P-EA-AVM-02/Aloxy-EA-02/data/basfbeant/70B3D57BB10013B1/ValvePosition/properties/status/logicalPosition/openPercentage"
"D550_VB6110B.POSITION_VALID.PVFL",152840918616834080,"/System/Core/EA-02/MDI-P-EA-AVM-02/Aloxy-EA-02/data/basfbeant/70B3D57BB10013B1/ValvePosition/properties/status/valid"
"D550_VPG120E-1.STATE.PVFL",152840918698623000,"/System/Core/EA-02/MDI-P-EA-AVM-02/Aloxy-EA-02/data/basfbeant/70B3D57BB10013B3/ValvePosition/properties/status/logicalPosition/open"
"D550_VPG120E-1.PERCENTAGE _OPEN.PV",152840918698426400,"/System/Core/EA-02/MDI-P-EA-AVM-02/Aloxy-EA-02/data/basfbeant/70B3D57BB10013B3/ValvePosition/properties/status/logicalPosition/openPercentage"
"D550_VPG120E-1.POSITION_VALID.PVFL",152840918698295330,"/System/Core/EA-02/MDI-P-EA-AVM-02/Aloxy-EA-02/data/basfbeant/70B3D57BB10013B3/ValvePosition/properties/status/valid"
"D550_VLI6112K1-1.STATE.PVFL",152840918789455900,"/System/Core/EA-02/MDI-P-EA-AVM-02/Aloxy-EA-02/data/basfbeant/70B3D57BB10013B4/ValvePosition/properties/status/logicalPosition/open"
"D550_VLI6112K1-1.PERCENTAGE _OPEN.PV",152840918789259300,"/System/Core/EA-02/MDI-P-EA-AVM-02/Aloxy-EA-02/data/basfbeant/70B3D57BB10013B4/ValvePosition/properties/status/logicalPosition/openPercentage"
"D550_VLI6112K1-1.POSITION_VALID.PVFL",152840918789128220,"/System/Core/EA-02/MDI-P-EA-AVM-02/Aloxy-EA-02/data/basfbeant/70B3D57BB10013B4/ValvePosition/properties/status/valid"
"D550_VA6909_3.STATE.PVFL",152840918579740700,"/System/Core/EA-02/MDI-P-EA-AVM-02/Aloxy-EA-02/data/basfbeant/70B3D57BB10013B5/ValvePosition/properties/status/logicalPosition/open"
"D550_VA6909_3.PERCENTAGE _OPEN.PV",152840918579544100,"/System/Core/EA-02/MDI-P-EA-AVM-02/Aloxy-EA-02/data/basfbeant/70B3D57BB10013B5/ValvePosition/properties/status/logicalPosition/openPercentage"
"D550_VA6909_3.POSITION_VALID.PVFL",152840918579413020,"/System/Core/EA-02/MDI-P-EA-AVM-02/Aloxy-EA-02/data/basfbeant/70B3D57BB10013B5/ValvePosition/properties/status/valid"
"D550_VB6100K6.3.STATE.PVFL",152840918777331740,"/System/Core/EA-02/MDI-P-EA-AVM-02/Aloxy-EA-02/data/basfbeant/70B3D57BB10013B6/ValvePosition/properties/status/logicalPosition/open"
"D550_VB6100K6.3.PERCENTAGE _OPEN.PV",152840918777135140,"/System/Core/EA-02/MDI-P-EA-AVM-02/Aloxy-EA-02/data/basfbeant/70B3D57BB10013B6/ValvePosition/properties/status/logicalPosition/openPercentage"
"D550_VB6100K6.3.POSITION_VALID.PVFL",152840918777004060,"/System/Core/EA-02/MDI-P-EA-AVM-02/Aloxy-EA-02/data/basfbeant/70B3D57BB10013B6/ValvePosition/properties/status/valid"
"/System/Core/EA-02/MDI-P-EA-AVM-02/Aloxy-EA-02/data/basfbeant/70B3D57BB10013BB/ValvePosition/properties/status/logicalPosition/open","D550_VP6120C-1.STATE.PVFL"
"/System/Core/EA-02/MDI-P-EA-AVM-02/Aloxy-EA-02/data/basfbeant/70B3D57BB10013BB/ValvePosition/properties/status/logicalPosition/openPercentage","D550_VP6120C-1.PERCENTAGE _OPEN.PV"
"/System/Core/EA-02/MDI-P-EA-AVM-02/Aloxy-EA-02/data/basfbeant/70B3D57BB10013BB/ValvePosition/properties/status/valid""","D550_VP6120C-1.POSITION_VALID.PVFL"
"D550_VP6120C-2.STATE.PVFL",152840918904668200,"/System/Core/EA-02/MDI-P-EA-AVM-02/Aloxy-EA-02/data/basfbeant/70B3D57BB10013BC/ValvePosition/properties/status/logicalPosition/open"
"D550_VP6120C-2.PERCENTAGE _OPEN.PV",152840918904471580,"/System/Core/EA-02/MDI-P-EA-AVM-02/Aloxy-EA-02/data/basfbeant/70B3D57BB10013BC/ValvePosition/properties/status/logicalPosition/openPercentage"
"D550_VP6120C-2.POSITION_VALID.PVFL",152840918904340500,"/System/Core/EA-02/MDI-P-EA-AVM-02/Aloxy-EA-02/data/basfbeant/70B3D57BB10013BC/ValvePosition/properties/status/valid"
"D550_VP6120D-1.STATE.PVFL",152840918624567330,"/System/Core/EA-02/MDI-P-EA-AVM-02/Aloxy-EA-02/data/basfbeant/70B3D57BB10013BD/ValvePosition/properties/status/logicalPosition/open"
"D550_VP6120D-1.PERCENTAGE _OPEN.PV",152840918624370720,"/System/Core/EA-02/MDI-P-EA-AVM-02/Aloxy-EA-02/data/basfbeant/70B3D57BB10013BD/ValvePosition/properties/status/logicalPosition/openPercentage"
"D550_VP6120D-1.POSITION_VALID.PVFL",152840918624239650,"/System/Core/EA-02/MDI-P-EA-AVM-02/Aloxy-EA-02/data/basfbeant/70B3D57BB10013BD/ValvePosition/properties/status/valid"
"D550_VLI6112K3-1.STATE.PVFL",152840918787555360,"/System/Core/EA-02/MDI-P-EA-AVM-02/Aloxy-EA-02/data/basfbeant/70B3D57BB10013BE/ValvePosition/properties/status/logicalPosition/open"
"D550_VLI6112K3-1.PERCENTAGE _OPEN.PV",152840918787358750,"/System/Core/EA-02/MDI-P-EA-AVM-02/Aloxy-EA-02/data/basfbeant/70B3D57BB10013BE/ValvePosition/properties/status/logicalPosition/openPercentage"
"D550_VLI6112K3-1.POSITION_VALID.PVFL",152840918787227680,"/System/Core/EA-02/MDI-P-EA-AVM-02/Aloxy-EA-02/data/basfbeant/70B3D57BB10013BE/ValvePosition/properties/status/valid"
"D550_VLI6112K2-2.STATE.PVFL",152840918791290900,"/System/Core/EA-02/MDI-P-EA-AVM-02/Aloxy-EA-02/data/basfbeant/70B3D57BB10013BF/ValvePosition/properties/status/logicalPosition/open"
"D550_VLI6112K2-2.PERCENTAGE _OPEN.PV",152840918791094300,"/System/Core/EA-02/MDI-P-EA-AVM-02/Aloxy-EA-02/data/basfbeant/70B3D57BB10013BF/ValvePosition/properties/status/logicalPosition/openPercentage"
"D550_VLI6112K2-2.POSITION_VALID.PVFL",152840918790963230,"/System/Core/EA-02/MDI-P-EA-AVM-02/Aloxy-EA-02/data/basfbeant/70B3D57BB10013BF/ValvePosition/properties/status/valid"
"D550_VP6110L6.STATE.PVFL",152840918921379870,"/System/Core/EA-02/MDI-P-EA-AVM-02/Aloxy-EA-02/data/basfbeant/70B3D57BB10013C3/ValvePosition/properties/status/logicalPosition/open"
"D550_VP6110L6.PERCENTAGE _OPEN.PV",152840918921183260,"/System/Core/EA-02/MDI-P-EA-AVM-02/Aloxy-EA-02/data/basfbeant/70B3D57BB10013C3/ValvePosition/properties/status/logicalPosition/openPercentage"
"D550_VP6110L6.POSITION_VALID.PVFL",152840918921052200,"/System/Core/EA-02/MDI-P-EA-AVM-02/Aloxy-EA-02/data/basfbeant/70B3D57BB10013C3/ValvePosition/properties/status/valid"
"D550_VLI6112K3-2.STATE.PVFL",152840918807937060,"/System/Core/EA-02/MDI-P-EA-AVM-02/Aloxy-EA-02/data/basfbeant/70B3D57BB10013C5/ValvePosition/properties/status/logicalPosition/open"
"D550_VLI6112K3-2.PERCENTAGE _OPEN.PV",152840918807740450,"/System/Core/EA-02/MDI-P-EA-AVM-02/Aloxy-EA-02/data/basfbeant/70B3D57BB10013C5/ValvePosition/properties/status/logicalPosition/openPercentage"
"D550_VLI6112K3-2.POSITION_VALID.PVFL",152840918807609380,"/System/Core/EA-02/MDI-P-EA-AVM-02/Aloxy-EA-02/data/basfbeant/70B3D57BB10013C5/ValvePosition/properties/status/valid"
"D550_VP611N6.STATE.PVFL",152840918843850780,"/System/Core/EA-02/MDI-P-EA-AVM-02/Aloxy-EA-02/data/basfbeant/70B3D57BB10013C6/ValvePosition/properties/status/logicalPosition/open"
"D550_VP611N6.PERCENTAGE _OPEN.PV",152840918843654180,"/System/Core/EA-02/MDI-P-EA-AVM-02/Aloxy-EA-02/data/basfbeant/70B3D57BB10013C6/ValvePosition/properties/status/logicalPosition/openPercentage"
"D550_VP611N6.POSITION_VALID.PVFL",152840918843523100,"/System/Core/EA-02/MDI-P-EA-AVM-02/Aloxy-EA-02/data/basfbeant/70B3D57BB10013C6/ValvePosition/properties/status/valid"
"D550_VP6120A-1.STATE.PVFL",152840918910304300,"/System/Core/EA-02/MDI-P-EA-AVM-02/Aloxy-EA-02/data/basfbeant/70B3D57BB10013C7/ValvePosition/properties/status/logicalPosition/open"
"D550_VP6120A-1.PERCENTAGE _OPEN.PV",152840918910107680,"/System/Core/EA-02/MDI-P-EA-AVM-02/Aloxy-EA-02/data/basfbeant/70B3D57BB10013C7/ValvePosition/properties/status/logicalPosition/openPercentage"
"D550_VP6120A-1.POSITION_VALID.PVFL",152840918909976600,"/System/Core/EA-02/MDI-P-EA-AVM-02/Aloxy-EA-02/data/basfbeant/70B3D57BB10013C7/ValvePosition/properties/status/valid"
"D550_VP6120A-2.STATE.PVFL",152840918927736860,"/System/Core/EA-02/MDI-P-EA-AVM-02/Aloxy-EA-02/data/basfbeant/70B3D57BB10013C8/ValvePosition/properties/status/logicalPosition/open"
"D550_VP6120A-2.PERCENTAGE _OPEN.PV",152840918927540260,"/System/Core/EA-02/MDI-P-EA-AVM-02/Aloxy-EA-02/data/basfbeant/70B3D57BB10013C8/ValvePosition/properties/status/logicalPosition/openPercentage"
"D550_VP6120A-2.POSITION_VALID.PVFL",152840918927409180,"/System/Core/EA-02/MDI-P-EA-AVM-02/Aloxy-EA-02/data/basfbeant/70B3D57BB10013C8/ValvePosition/properties/status/valid"
"D550_VP6120B-1.STATE.PVFL",152840918893330460,"/System/Core/EA-02/MDI-P-EA-AVM-02/Aloxy-EA-02/data/basfbeant/70B3D57BB10013C9/ValvePosition/properties/status/logicalPosition/open"
"D550_VP6120B-1.PERCENTAGE _OPEN.PV",152840918893133860,"/System/Core/EA-02/MDI-P-EA-AVM-02/Aloxy-EA-02/data/basfbeant/70B3D57BB10013C9/ValvePosition/properties/status/logicalPosition/openPercentage"
"D550_VP6120B-1.POSITION_VALID.PVFL",152840918893002780,"/System/Core/EA-02/MDI-P-EA-AVM-02/Aloxy-EA-02/data/basfbeant/70B3D57BB10013C9/ValvePosition/properties/status/valid"
"/System/Core/EA-02/MDI-P-EA-AVM-02/Aloxy-EA-02/data/basfbeant/70B3D57BB10013CA/ValvePosition/properties/status/logicalPosition/open","D550_VP6120B-2.STATE.PVFL"
"/System/Core/EA-02/MDI-P-EA-AVM-02/Aloxy-EA-02/data/basfbeant/70B3D57BB10013CA/ValvePosition/properties/status/logicalPosition/openPercentage","D550_VP6120B-2.PERCENTAGE _OPEN.PV"
"/System/Core/EA-02/MDI-P-EA-AVM-02/Aloxy-EA-02/data/basfbeant/70B3D57BB10013CA/ValvePosition/properties/status/valid","D550_VP6120B-2.POSITION_VALID.PVFL"
"D550_VP6100A-2.STATE.PVFL",152840918908469280,"/System/Core/EA-02/MDI-P-EA-AVM-02/Aloxy-EA-02/data/basfbeant/70B3D57BB10013CB/ValvePosition/properties/status/logicalPosition/open"
"D550_VP6100A-2.PERCENTAGE _OPEN.PV",152840918908272670,"/System/Core/EA-02/MDI-P-EA-AVM-02/Aloxy-EA-02/data/basfbeant/70B3D57BB10013CB/ValvePosition/properties/status/logicalPosition/openPercentage"
"D550_VP6100A-2.POSITION_VALID.PVFL",152840918908141600,"/System/Core/EA-02/MDI-P-EA-AVM-02/Aloxy-EA-02/data/basfbeant/70B3D57BB10013CB/ValvePosition/properties/status/valid"
"/System/Core/EA-02/MDI-P-EA-AVM-02/Aloxy-EA-02/data/basfbeant/70B3D57BB10013CC/ValvePosition/properties/status/logicalPosition/open","D550_VP6100B-1.STATE.PVFL"
"/System/Core/EA-02/MDI-P-EA-AVM-02/Aloxy-EA-02/data/basfbeant/70B3D57BB10013CC/ValvePosition/properties/status/logicalPosition/openPercentage","D550_VP6100B-1.PERCENTAGE _OPEN.PV"
"/System/Core/EA-02/MDI-P-EA-AVM-02/Aloxy-EA-02/data/basfbeant/70B3D57BB10013CC/ValvePosition/properties/status/valid","D550_VP6100B-1.POSITION_VALID.PVFL"
"D550_VP6100B-2.STATE.PVFL",152840918842015780,"/System/Core/EA-02/MDI-P-EA-AVM-02/Aloxy-EA-02/data/basfbeant/70B3D57BB10013CD/ValvePosition/properties/status/logicalPosition/open"
"D550_VP6100B-2.PERCENTAGE _OPEN.PV",152840918841819170,"/System/Core/EA-02/MDI-P-EA-AVM-02/Aloxy-EA-02/data/basfbeant/70B3D57BB10013CD/ValvePosition/properties/status/logicalPosition/openPercentage"
"D550_VP6100B-2.POSITION_VALID.PVFL",152840918841688100,"/System/Core/EA-02/MDI-P-EA-AVM-02/Aloxy-EA-02/data/basfbeant/70B3D57BB10013CD/ValvePosition/properties/status/valid"
"D550_VP6110A-1.STATE.PVFL",152840918687875100,"/System/Core/EA-02/MDI-P-EA-AVM-02/Aloxy-EA-02/data/basfbeant/70B3D57BB10013CE/ValvePosition/properties/status/logicalPosition/open"
"D550_VP6110A-1.PERCENTAGE _OPEN.PV",152840918687678500,"/System/Core/EA-02/MDI-P-EA-AVM-02/Aloxy-EA-02/data/basfbeant/70B3D57BB10013CE/ValvePosition/properties/status/logicalPosition/openPercentage"
"D550_VP6110A-1.POSITION_VALID.PVFL",152840918687547420,"/System/Core/EA-02/MDI-P-EA-AVM-02/Aloxy-EA-02/data/basfbeant/70B3D57BB10013CE/ValvePosition/properties/status/valid"
"D550_6110A-2.STATE.PVFL",152840918832840740,"/System/Core/EA-02/MDI-P-EA-AVM-02/Aloxy-EA-02/data/basfbeant/70B3D57BB10013CF/ValvePosition/properties/status/logicalPosition/open"
"D550_6110A-2.PERCENTAGE _OPEN.PV",152840918832644130,"/System/Core/EA-02/MDI-P-EA-AVM-02/Aloxy-EA-02/data/basfbeant/70B3D57BB10013CF/ValvePosition/properties/status/logicalPosition/openPercentage"
"D550_6110A-2.POSITION_VALID.PVFL",152840918832513060,"/System/Core/EA-02/MDI-P-EA-AVM-02/Aloxy-EA-02/data/basfbeant/70B3D57BB10013CF/ValvePosition/properties/status/valid"
"D550_VP6110B-1.STATE.PVFL",152840918751903780,"/System/Core/EA-02/MDI-P-EA-AVM-02/Aloxy-EA-02/data/basfbeant/70B3D57BB10013D0/ValvePosition/properties/status/logicalPosition/open"
"D550_VP6110B-1.PERCENTAGE _OPEN.PV",152840918751707170,"/System/Core/EA-02/MDI-P-EA-AVM-02/Aloxy-EA-02/data/basfbeant/70B3D57BB10013D0/ValvePosition/properties/status/logicalPosition/openPercentage"
"D550_VP6110B-1.POSITION_VALID.PVFL",152840918751576100,"/System/Core/EA-02/MDI-P-EA-AVM-02/Aloxy-EA-02/data/basfbeant/70B3D57BB10013D0/ValvePosition/properties/status/valid"
"D550_VP6110B-2.STATE.PVFL",152840918933307420,"/System/Core/EA-02/MDI-P-EA-AVM-02/Aloxy-EA-02/data/basfbeant/70B3D57BB10013D1/ValvePosition/properties/status/logicalPosition/open"
"D550_VP6110B-2.PERCENTAGE _OPEN.PV",152840918933110820,"/System/Core/EA-02/MDI-P-EA-AVM-02/Aloxy-EA-02/data/basfbeant/70B3D57BB10013D1/ValvePosition/properties/status/logicalPosition/openPercentage"
"D550_VP6110B-2.POSITION_VALID.PVFL",152840918932979740,"/System/Core/EA-02/MDI-P-EA-AVM-02/Aloxy-EA-02/data/basfbeant/70B3D57BB10013D1/ValvePosition/properties/status/valid"
"D550_VP6110K6.STATE.PVFL",152840918898835500,"/System/Core/EA-02/MDI-P-EA-AVM-02/Aloxy-EA-02/data/basfbeant/70B3D57BB10013D2/ValvePosition/properties/status/logicalPosition/open"
"D550_VP6110K6.PERCENTAGE _OPEN.PV",152840918898638880,"/System/Core/EA-02/MDI-P-EA-AVM-02/Aloxy-EA-02/data/basfbeant/70B3D57BB10013D2/ValvePosition/properties/status/logicalPosition/openPercentage"
"D550_VP6110K6.POSITION_VALID.PVFL",152840918898507800,"/System/Core/EA-02/MDI-P-EA-AVM-02/Aloxy-EA-02/data/basfbeant/70B3D57BB10013D2/ValvePosition/properties/status/valid"
"D550_VP3585-1.STATE.PVFL",152840918795026460,"/System/Core/EA-02/MDI-P-EA-AVM-02/Aloxy-EA-02/data/basfbeant/70B3D57BB10013D3/ValvePosition/properties/status/logicalPosition/open"
"D550_VP3585-1.PERCENTAGE _OPEN.PV",152840918794829860,"/System/Core/EA-02/MDI-P-EA-AVM-02/Aloxy-EA-02/data/basfbeant/70B3D57BB10013D3/ValvePosition/properties/status/logicalPosition/openPercentage"
"D550_VP3585-1.POSITION_VALID.PVFL",152840918794698780,"/System/Core/EA-02/MDI-P-EA-AVM-02/Aloxy-EA-02/data/basfbeant/70B3D57BB10013D3/ValvePosition/properties/status/valid"
"D550_VP3585-10.STATE.PVFL",152840918606610460,"/System/Core/EA-02/MDI-P-EA-AVM-02/Aloxy-EA-02/data/basfbeant/70B3D57BB10013D4/ValvePosition/properties/status/logicalPosition/open"
"D550_VP3585-10.PERCENTAGE _OPEN.PV",152840918606413860,"/System/Core/EA-02/MDI-P-EA-AVM-02/Aloxy-EA-02/data/basfbeant/70B3D57BB10013D4/ValvePosition/properties/status/logicalPosition/openPercentage"
"D550_VP3585-10.POSITION_VALID.PVFL",152840918606282780,"/System/Core/EA-02/MDI-P-EA-AVM-02/Aloxy-EA-02/data/basfbeant/70B3D57BB10013D4/ValvePosition/properties/status/valid"
"D550_VP3585-11.STATE.PVFL",152840918757474340,"/System/Core/EA-02/MDI-P-EA-AVM-02/Aloxy-EA-02/data/basfbeant/70B3D57BB10013D5/ValvePosition/properties/status/logicalPosition/open"
"D550_VP3585-11.PERCENTAGE _OPEN.PV",152840918757277730,"/System/Core/EA-02/MDI-P-EA-AVM-02/Aloxy-EA-02/data/basfbeant/70B3D57BB10013D5/ValvePosition/properties/status/logicalPosition/openPercentage"
"D550_VP3585-11.POSITION_VALID.PVFL",152840918757146660,"/System/Core/EA-02/MDI-P-EA-AVM-02/Aloxy-EA-02/data/basfbeant/70B3D57BB10013D5/ValvePosition/properties/status/valid"
"D550_VP3585-7.STATE.PVFL",152840918721822750,"/System/Core/EA-02/MDI-P-EA-AVM-02/Aloxy-EA-02/data/basfbeant/70B3D57BB10013D6/ValvePosition/properties/status/logicalPosition/open"
"D550_VP3585-7.PERCENTAGE _OPEN.PV",152840918721626140,"/System/Core/EA-02/MDI-P-EA-AVM-02/Aloxy-EA-02/data/basfbeant/70B3D57BB10013D6/ValvePosition/properties/status/logicalPosition/openPercentage"
"D550_VP3585-7.POSITION_VALID.PVFL",152840918721495070,"/System/Core/EA-02/MDI-P-EA-AVM-02/Aloxy-EA-02/data/basfbeant/70B3D57BB10013D6/ValvePosition/properties/status/valid"
"D550_VP3585-8.STATE.PVFL",152840918940647460,"/System/Core/EA-02/MDI-P-EA-AVM-02/Aloxy-EA-02/data/basfbeant/70B3D57BB10013D7/ValvePosition/properties/status/logicalPosition/open"
"D550_VP3585-8.PERCENTAGE _OPEN.PV",152840918940450850,"/System/Core/EA-02/MDI-P-EA-AVM-02/Aloxy-EA-02/data/basfbeant/70B3D57BB10013D7/ValvePosition/properties/status/logicalPosition/openPercentage"
"D550_VP3585-8.POSITION_VALID.PVFL",152840918940319780,"/System/Core/EA-02/MDI-P-EA-AVM-02/Aloxy-EA-02/data/basfbeant/70B3D57BB10013D7/ValvePosition/properties/status/valid"
"D550_VP6100A-1.STATE.PVFL",152840918798696480,"/System/Core/EA-02/MDI-P-EA-AVM-02/Aloxy-EA-02/data/basfbeant/70B3D57BB10013D8/ValvePosition/properties/status/logicalPosition/open"
"D550_VP6100A-1.PERCENTAGE _OPEN.PV",152840918798499870,"/System/Core/EA-02/MDI-P-EA-AVM-02/Aloxy-EA-02/data/basfbeant/70B3D57BB10013D8/ValvePosition/properties/status/logicalPosition/openPercentage"
"D550_VP6100A-1.POSITION_VALID.PVFL",152840918798368800,"/System/Core/EA-02/MDI-P-EA-AVM-02/Aloxy-EA-02/data/basfbeant/70B3D57BB10013D8/ValvePosition/properties/status/valid"
"D550_X6544B2.STATE.PVFL",152840918919544860,"/System/Core/EA-02/MDI-P-EA-AVM-02/Aloxy-EA-02/data/basfbeant/70B3D57BB1002F66/ValvePosition/properties/status/logicalPosition/open"
"D550_X6544B2.PERCENTAGE _OPEN.PV",152840918919348260,"/System/Core/EA-02/MDI-P-EA-AVM-02/Aloxy-EA-02/data/basfbeant/70B3D57BB1002F66/ValvePosition/properties/status/logicalPosition/openPercentage"
"D550_X6544B2.POSITION_VALID.PVFL",152840918919217180,"/System/Core/EA-02/MDI-P-EA-AVM-02/Aloxy-EA-02/data/basfbeant/70B3D57BB1002F66/ValvePosition/properties/status/valid"
"D550_VPI6387A.STATE.PVFL",152840918761144350,"/System/Core/EA-02/MDI-P-EA-AVM-02/Aloxy-EA-02/data/basfbeant/70B3D57BB1002F94/ValvePosition/properties/status/logicalPosition/open"
"D550_VPI6387A.PERCENTAGE _OPEN.PV",152840918760947740,"/System/Core/EA-02/MDI-P-EA-AVM-02/Aloxy-EA-02/data/basfbeant/70B3D57BB1002F94/ValvePosition/properties/status/logicalPosition/openPercentage"
"D550_VPI6387A.POSITION_VALID.PVFL",152840918760816670,"/System/Core/EA-02/MDI-P-EA-AVM-02/Aloxy-EA-02/data/basfbeant/70B3D57BB1002F94/ValvePosition/properties/status/valid"
"D550_VPI6115K3-1.STATE.PVFL",152840918764814370,"/System/Core/EA-02/MDI-P-EA-AVM-02/Aloxy-EA-02/data/basfbeant/70B3D57BB1002F97/ValvePosition/properties/status/logicalPosition/open"
"D550_VPI6115K3-1.PERCENTAGE _OPEN.PV",152840918764617760,"/System/Core/EA-02/MDI-P-EA-AVM-02/Aloxy-EA-02/data/basfbeant/70B3D57BB1002F97/ValvePosition/properties/status/logicalPosition/openPercentage"
"D550_VPI6115K3-1.POSITION_VALID.PVFL",152840918764486700,"/System/Core/EA-02/MDI-P-EA-AVM-02/Aloxy-EA-02/data/basfbeant/70B3D57BB1002F97/ValvePosition/properties/status/valid"
"D550_X6544B1.STATE.PVFL",152840918885990430,"/System/Core/EA-02/MDI-P-EA-AVM-02/Aloxy-EA-02/data/basfbeant/70B3D57BB1002FA1/ValvePosition/properties/status/logicalPosition/open"
"D550_X6544B1.PERCENTAGE _OPEN.PV",152840918885793820,"/System/Core/EA-02/MDI-P-EA-AVM-02/Aloxy-EA-02/data/basfbeant/70B3D57BB1002FA1/ValvePosition/properties/status/logicalPosition/openPercentage"
"D550_X6544B1.POSITION_VALID.PVFL",152840918885662750,"/System/Core/EA-02/MDI-P-EA-AVM-02/Aloxy-EA-02/data/basfbeant/70B3D57BB1002FA1/ValvePosition/properties/status/valid"
"D550_VP6120F-1.STATE.PVFL",152840918668017700,"/System/Core/EA-02/MDI-P-EA-AVM-02/Aloxy-EA-02/data/basfbeant/70B3D57BB1002FBE/ValvePosition/properties/status/logicalPosition/open"
"D550_VP6120F-1.PERCENTAGE _OPEN.PV",152840918667821100,"/System/Core/EA-02/MDI-P-EA-AVM-02/Aloxy-EA-02/data/basfbeant/70B3D57BB1002FBE/ValvePosition/properties/status/logicalPosition/openPercentage"
"D550_VP6120F-1.POSITION_VALID.PVFL",152840918667690020,"/System/Core/EA-02/MDI-P-EA-AVM-02/Aloxy-EA-02/data/basfbeant/70B3D57BB1002FBE/ValvePosition/properties/status/valid"
"D550_VPI6596A41-1.STATE.PVFL",152840918952443940,"/System/Core/EA-02/MDI-P-EA-AVM-02/Aloxy-EA-02/data/basfbeant/70B3D57BB1002FC9/ValvePosition/properties/status/logicalPosition/open"
"D550_VPI6596A41-1.PERCENTAGE _OPEN.PV",152840918952247330,"/System/Core/EA-02/MDI-P-EA-AVM-02/Aloxy-EA-02/data/basfbeant/70B3D57BB1002FC9/ValvePosition/properties/status/logicalPosition/openPercentage"
"D550_VPI6596A41-1.POSITION_VALID.PVFL",152840918952116260,"/System/Core/EA-02/MDI-P-EA-AVM-02/Aloxy-EA-02/data/basfbeant/70B3D57BB1002FC9/ValvePosition/properties/status/valid"
"D550_VPI6534C.STATE.PVFL",152840918802366500,"/System/Core/EA-02/MDI-P-EA-AVM-02/Aloxy-EA-02/data/basfbeant/70B3D57BB1002FD0/ValvePosition/properties/status/logicalPosition/open"
"D550_VPI6534C.PERCENTAGE _OPEN.PV",152840918802169900,"/System/Core/EA-02/MDI-P-EA-AVM-02/Aloxy-EA-02/data/basfbeant/70B3D57BB1002FD0/ValvePosition/properties/status/logicalPosition/openPercentage"
"D550_VPI6534C.POSITION_VALID.PVFL",152840918802038820,"/System/Core/EA-02/MDI-P-EA-AVM-02/Aloxy-EA-02/data/basfbeant/70B3D57BB1002FD0/ValvePosition/properties/status/valid"
"D550_VPI6909-2-2.STATE.PVFL",152840918895165470,"/System/Core/EA-02/MDI-P-EA-AVM-02/Aloxy-EA-02/data/basfbeant/70B3D57BB1002FD1/ValvePosition/properties/status/logicalPosition/open"
"D550_VPI6909-2-2.PERCENTAGE _OPEN.PV",152840918894968860,"/System/Core/EA-02/MDI-P-EA-AVM-02/Aloxy-EA-02/data/basfbeant/70B3D57BB1002FD1/ValvePosition/properties/status/logicalPosition/openPercentage"
"D550_VPI6909-2-2.POSITION_VALID.PVFL",152840918894837800,"/System/Core/EA-02/MDI-P-EA-AVM-02/Aloxy-EA-02/data/basfbeant/70B3D57BB1002FD1/ValvePosition/properties/status/valid"
"D550_VPI6318A.STATE.PVFL",152840918692528160,"/System/Core/EA-02/MDI-P-EA-AVM-02/Aloxy-EA-02/data/basfbeant/70B3D57BB1002FD2/ValvePosition/properties/status/logicalPosition/open"
"D550_VPI6318A.PERCENTAGE _OPEN.PV",152840918692134940,"/System/Core/EA-02/MDI-P-EA-AVM-02/Aloxy-EA-02/data/basfbeant/70B3D57BB1002FD2/ValvePosition/properties/status/logicalPosition/openPercentage"
"D550_VPI6318A.POSITION_VALID.PVFL",152840918691872800,"/System/Core/EA-02/MDI-P-EA-AVM-02/Aloxy-EA-02/data/basfbeant/70B3D57BB1002FD2/ValvePosition/properties/status/valid"
"D550_VPI6596A11-1.STATE.PVFL",152840918967189540,"/System/Core/EA-02/MDI-P-EA-AVM-02/Aloxy-EA-02/data/basfbeant/70B3D57BB1002FD3/ValvePosition/properties/status/logicalPosition/open"
"D550_VPI6596A11-1.PERCENTAGE _OPEN.PV",152840918966992930,"/System/Core/EA-02/MDI-P-EA-AVM-02/Aloxy-EA-02/data/basfbeant/70B3D57BB1002FD3/ValvePosition/properties/status/logicalPosition/openPercentage"
"D550_VPI6596A11-1.POSITION_VALID.PVFL",152840918966861860,"/System/Core/EA-02/MDI-P-EA-AVM-02/Aloxy-EA-02/data/basfbeant/70B3D57BB1002FD3/ValvePosition/properties/status/valid"
"D550_VPI6573A21-1.STATE.PVFL",152840918956179500,"/System/Core/EA-02/MDI-P-EA-AVM-02/Aloxy-EA-02/data/basfbeant/70B3D57BB1002FD4/ValvePosition/properties/status/logicalPosition/open"
"D550_VPI6573A21-1.PERCENTAGE _OPEN.PV",152840918955982880,"/System/Core/EA-02/MDI-P-EA-AVM-02/Aloxy-EA-02/data/basfbeant/70B3D57BB1002FD4/ValvePosition/properties/status/logicalPosition/openPercentage"
"D550_VPI6573A21-1.POSITION_VALID.PVFL",152840918955851800,"/System/Core/EA-02/MDI-P-EA-AVM-02/Aloxy-EA-02/data/basfbeant/70B3D57BB1002FD4/ValvePosition/properties/status/valid"
"D550_VPI6115K2-2.STATE.PVFL",152840918782443550,"/System/Core/EA-02/MDI-P-EA-AVM-02/Aloxy-EA-02/data/basfbeant/70B3D57BB1002FD5/ValvePosition/properties/status/logicalPosition/open"
"D550_VPI6115K2-2.PERCENTAGE _OPEN.PV",152840918782246940,"/System/Core/EA-02/MDI-P-EA-AVM-02/Aloxy-EA-02/data/basfbeant/70B3D57BB1002FD5/ValvePosition/properties/status/logicalPosition/openPercentage"
"D550_VPI6115K2-2.POSITION_VALID.PVFL",152840918782115870,"/System/Core/EA-02/MDI-P-EA-AVM-02/Aloxy-EA-02/data/basfbeant/70B3D57BB1002FD5/ValvePosition/properties/status/valid"
"D550_VPI6909-1-1.STATE.PVFL",152840918831005730,"/System/Core/EA-02/MDI-P-EA-AVM-02/Aloxy-EA-02/data/basfbeant/70B3D57BB1002FD6/ValvePosition/properties/status/logicalPosition/open"
"D550_VPI6909-1-1.PERCENTAGE _OPEN.PV",152840918830809120,"/System/Core/EA-02/MDI-P-EA-AVM-02/Aloxy-EA-02/data/basfbeant/70B3D57BB1002FD6/ValvePosition/properties/status/logicalPosition/openPercentage"
"D550_VPI6909-1-1.POSITION_VALID.PVFL",152840918830678050,"/System/Core/EA-02/MDI-P-EA-AVM-02/Aloxy-EA-02/data/basfbeant/70B3D57BB1002FD6/ValvePosition/properties/status/valid"
"D550_VY6909-4.STATE.PVFL",152840918871965730,"/System/Core/EA-02/MDI-P-EA-AVM-02/Aloxy-EA-02/data/basfbeant/70B3D57BB1002FD7/ValvePosition/properties/status/logicalPosition/open"
"D550_VY6909-4.PERCENTAGE _OPEN.PV",152840918871769120,"/System/Core/EA-02/MDI-P-EA-AVM-02/Aloxy-EA-02/data/basfbeant/70B3D57BB1002FD7/ValvePosition/properties/status/logicalPosition/openPercentage"
"D550_VY6909-4.POSITION_VALID.PVFL",152840918871638050,"/System/Core/EA-02/MDI-P-EA-AVM-02/Aloxy-EA-02/data/basfbeant/70B3D57BB1002FD7/ValvePosition/properties/status/valid"
"D550_VPI6115K1-1.STATE.PVFL",152840918796861470,"/System/Core/EA-02/MDI-P-EA-AVM-02/Aloxy-EA-02/data/basfbeant/70B3D57BB1002FD8/ValvePosition/properties/status/logicalPosition/open"
"D550_VPI6115K1-1.PERCENTAGE _OPEN.PV",152840918796664860,"/System/Core/EA-02/MDI-P-EA-AVM-02/Aloxy-EA-02/data/basfbeant/70B3D57BB1002FD8/ValvePosition/properties/status/logicalPosition/openPercentage"
"D550_VPI6115K1-1.POSITION_VALID.PVFL",152840918796533800,"/System/Core/EA-02/MDI-P-EA-AVM-02/Aloxy-EA-02/data/basfbeant/70B3D57BB1002FD8/ValvePosition/properties/status/valid"
"D550_VPI6209K1.STATE.PVFL",152840918864560160,"/System/Core/EA-02/MDI-P-EA-AVM-02/Aloxy-EA-02/data/basfbeant/70B3D57BB1002FD9/ValvePosition/properties/status/logicalPosition/open"
"D550_VPI6209K1.PERCENTAGE _OPEN.PV",152840918864363550,"/System/Core/EA-02/MDI-P-EA-AVM-02/Aloxy-EA-02/data/basfbeant/70B3D57BB1002FD9/ValvePosition/properties/status/logicalPosition/openPercentage"
"D550_VPI6209K1.POSITION_VALID.PVFL",152840918864232480,"/System/Core/EA-02/MDI-P-EA-AVM-02/Aloxy-EA-02/data/basfbeant/70B3D57BB1002FD9/ValvePosition/properties/status/valid"
"D550_VPI6596A22-1.STATE.PVFL",152840918583410720,"/System/Core/EA-02/MDI-P-EA-AVM-02/Aloxy-EA-02/data/basfbeant/70B3D57BB1002FDA/ValvePosition/properties/status/logicalPosition/open"
"D550_VPI6596A22-1.PERCENTAGE _OPEN.PV",152840918583214100,"/System/Core/EA-02/MDI-P-EA-AVM-02/Aloxy-EA-02/data/basfbeant/70B3D57BB1002FDA/ValvePosition/properties/status/logicalPosition/openPercentage"
"D550_VPI6596A22-1.POSITION_VALID.PVFL",152840918583083040,"/System/Core/EA-02/MDI-P-EA-AVM-02/Aloxy-EA-02/data/basfbeant/70B3D57BB1002FDA/ValvePosition/properties/status/valid"
"D550_VPI114-4.STATE.PVFL",152840918811607070,"/System/Core/EA-02/MDI-P-EA-AVM-02/Aloxy-EA-02/data/basfbeant/70B3D57BB1002FDB/ValvePosition/properties/status/logicalPosition/open"
"D550_VPI114-4.PERCENTAGE _OPEN.PV",152840918811410460,"/System/Core/EA-02/MDI-P-EA-AVM-02/Aloxy-EA-02/data/basfbeant/70B3D57BB1002FDB/ValvePosition/properties/status/logicalPosition/openPercentage"
"D550_VPI114-4.POSITION_VALID.PVFL",152840918811279400,"/System/Core/EA-02/MDI-P-EA-AVM-02/Aloxy-EA-02/data/basfbeant/70B3D57BB1002FDB/ValvePosition/properties/status/valid"
"D550_VPI6909-1-2.STATE.PVFL",152840918836510750,"/System/Core/EA-02/MDI-P-EA-AVM-02/Aloxy-EA-02/data/basfbeant/70B3D57BB1002FDC/ValvePosition/properties/status/logicalPosition/open"
"D550_VPI6909-1-2.PERCENTAGE _OPEN.PV",152840918836314140,"/System/Core/EA-02/MDI-P-EA-AVM-02/Aloxy-EA-02/data/basfbeant/70B3D57BB1002FDC/ValvePosition/properties/status/logicalPosition/openPercentage"
"D550_VPI6909-1-2.POSITION_VALID.PVFL",152840918836183070,"/System/Core/EA-02/MDI-P-EA-AVM-02/Aloxy-EA-02/data/basfbeant/70B3D57BB1002FDC/ValvePosition/properties/status/valid"
"D550_VPI6209K2.STATE.PVFL",152840918875766820,"/System/Core/EA-02/MDI-P-EA-AVM-02/Aloxy-EA-02/data/basfbeant/70B3D57BB1002FDD/ValvePosition/properties/status/logicalPosition/open"
"D550_VPI6209K2.PERCENTAGE _OPEN.PV",152840918875570200,"/System/Core/EA-02/MDI-P-EA-AVM-02/Aloxy-EA-02/data/basfbeant/70B3D57BB1002FDD/ValvePosition/properties/status/logicalPosition/openPercentage"
"D550_VPI6209K2.POSITION_VALID.PVFL",152840918875439140,"/System/Core/EA-02/MDI-P-EA-AVM-02/Aloxy-EA-02/data/basfbeant/70B3D57BB1002FDD/ValvePosition/properties/status/valid"
"D550_VPI6389B.STATE.PVFL",152840918723723300,"/System/Core/EA-02/MDI-P-EA-AVM-02/Aloxy-EA-02/data/basfbeant/70B3D57BB1002FE5/ValvePosition/properties/status/logicalPosition/open"
"D550_VPI6389B.PERCENTAGE _OPEN.PV",152840918723526700,"/System/Core/EA-02/MDI-P-EA-AVM-02/Aloxy-EA-02/data/basfbeant/70B3D57BB1002FE5/ValvePosition/properties/status/logicalPosition/openPercentage"
"D550_VPI6389B.POSITION_VALID.PVFL",152840918723395620,"/System/Core/EA-02/MDI-P-EA-AVM-02/Aloxy-EA-02/data/basfbeant/70B3D57BB1002FE5/ValvePosition/properties/status/valid"
"D550_VP6120F-2.STATE.PVFL",152840918816653340,"/System/Core/EA-02/MDI-P-EA-AVM-02/Aloxy-EA-02/data/basfbeant/70B3D57BB1002FE6/ValvePosition/properties/status/logicalPosition/open"
"D550_VP6120F-2.PERCENTAGE _OPEN.PV",152840918816456740,"/System/Core/EA-02/MDI-P-EA-AVM-02/Aloxy-EA-02/data/basfbeant/70B3D57BB1002FE6/ValvePosition/properties/status/logicalPosition/openPercentage"
"D550_VP6120F-2.POSITION_VALID.PVFL",152840918816325660,"/System/Core/EA-02/MDI-P-EA-AVM-02/Aloxy-EA-02/data/basfbeant/70B3D57BB1002FE6/ValvePosition/properties/status/valid"
"D550_VPI6387B.STATE.PVFL",152840918696788000,"/System/Core/EA-02/MDI-P-EA-AVM-02/Aloxy-EA-02/data/basfbeant/70B3D57BB1002FE7/ValvePosition/properties/status/logicalPosition/open"
"D550_VPI6387B.PERCENTAGE _OPEN.PV",152840918696591400,"/System/Core/EA-02/MDI-P-EA-AVM-02/Aloxy-EA-02/data/basfbeant/70B3D57BB1002FE7/ValvePosition/properties/status/logicalPosition/openPercentage"
"D550_VPI6387B.POSITION_VALID.PVFL",152840918696460320,"/System/Core/EA-02/MDI-P-EA-AVM-02/Aloxy-EA-02/data/basfbeant/70B3D57BB1002FE7/ValvePosition/properties/status/valid"
"D550_VPI6596A31-1.STATE.PVFL",152840918914039840,"/System/Core/EA-02/MDI-P-EA-AVM-02/Aloxy-EA-02/data/basfbeant/70B3D57BB1002FE8/ValvePosition/properties/status/logicalPosition/open"
"D550_VPI6596A31-1.PERCENTAGE _OPEN.PV",152840918913843230,"/System/Core/EA-02/MDI-P-EA-AVM-02/Aloxy-EA-02/data/basfbeant/70B3D57BB1002FE8/ValvePosition/properties/status/logicalPosition/openPercentage"
"D550_VPI6596A31-1.POSITION_VALID.PVFL",152840918913712160,"/System/Core/EA-02/MDI-P-EA-AVM-02/Aloxy-EA-02/data/basfbeant/70B3D57BB1002FE8/ValvePosition/properties/status/valid"
"D550_VPI6318C.STATE.PVFL",152840918714351650,"/System/Core/EA-02/MDI-P-EA-AVM-02/Aloxy-EA-02/data/basfbeant/70B3D57BB1002FE9/ValvePosition/properties/status/logicalPosition/open"
"D550_VPI6318C.PERCENTAGE _OPEN.PV",152840918714155040,"/System/Core/EA-02/MDI-P-EA-AVM-02/Aloxy-EA-02/data/basfbeant/70B3D57BB1002FE9/ValvePosition/properties/status/logicalPosition/openPercentage"
"D550_VPI6318C.POSITION_VALID.PVFL",152840918714023970,"/System/Core/EA-02/MDI-P-EA-AVM-02/Aloxy-EA-02/data/basfbeant/70B3D57BB1002FE9/ValvePosition/properties/status/valid"
"D550_VY862.STATE.PVFL",152840918866395170,"/System/Core/EA-02/MDI-P-EA-AVM-02/Aloxy-EA-02/data/basfbeant/70B3D57BB1002FF1/ValvePosition/properties/status/logicalPosition/open"
"D550_VY862.PERCENTAGE _OPEN.PV",152840918866198560,"/System/Core/EA-02/MDI-P-EA-AVM-02/Aloxy-EA-02/data/basfbeant/70B3D57BB1002FF1/ValvePosition/properties/status/logicalPosition/openPercentage"
"D550_VY862.POSITION_VALID.PVFL",152840918866067500,"/System/Core/EA-02/MDI-P-EA-AVM-02/Aloxy-EA-02/data/basfbeant/70B3D57BB1002FF1/ValvePosition/properties/status/valid"
"D550_VPI6115K3-2.STATE.PVFL",152840918738075680,"/System/Core/EA-02/MDI-P-EA-AVM-02/Aloxy-EA-02/data/basfbeant/70B3D57BB1002FF3/ValvePosition/properties/status/logicalPosition/open"
"D550_VPI6115K3-2.PERCENTAGE _OPEN.PV",152840918737879070,"/System/Core/EA-02/MDI-P-EA-AVM-02/Aloxy-EA-02/data/basfbeant/70B3D57BB1002FF3/ValvePosition/properties/status/logicalPosition/openPercentage"
"D550_VPI6115K3-2.POSITION_VALID.PVFL",152840918737748000,"/System/Core/EA-02/MDI-P-EA-AVM-02/Aloxy-EA-02/data/basfbeant/70B3D57BB1002FF3/ValvePosition/properties/status/valid"
"D550_VPI6115K2-1.STATE.PVFL",152840918818488350,"/System/Core/EA-02/MDI-P-EA-AVM-02/Aloxy-EA-02/data/basfbeant/70B3D57BB1002FF6/ValvePosition/properties/status/logicalPosition/open"
"D550_VPI6115K2-1.PERCENTAGE _OPEN.PV",152840918818291740,"/System/Core/EA-02/MDI-P-EA-AVM-02/Aloxy-EA-02/data/basfbeant/70B3D57BB1002FF6/ValvePosition/properties/status/logicalPosition/openPercentage"
"D550_VPI6115K2-1.POSITION_VALID.PVFL",152840918818160670,"/System/Core/EA-02/MDI-P-EA-AVM-02/Aloxy-EA-02/data/basfbeant/70B3D57BB1002FF6/ValvePosition/properties/status/valid"
"D550_VPI6596A21-1.STATE.PVFL",152840918961684500,"/System/Core/EA-02/MDI-P-EA-AVM-02/Aloxy-EA-02/data/basfbeant/70B3D57BB1003084/ValvePosition/properties/status/logicalPosition/open"
"D550_VPI6596A21-1.PERCENTAGE _OPEN.PV",152840918961487900,"/System/Core/EA-02/MDI-P-EA-AVM-02/Aloxy-EA-02/data/basfbeant/70B3D57BB1003084/ValvePosition/properties/status/logicalPosition/openPercentage"
"D550_VPI6596A21-1.POSITION_VALID.PVFL",152840918961356830,"/System/Core/EA-02/MDI-P-EA-AVM-02/Aloxy-EA-02/data/basfbeant/70B3D57BB1003084/ValvePosition/properties/status/valid"
"D550_VPI6909-3-1.STATE.PVFL",152840918862725150,"/System/Core/EA-02/MDI-P-EA-AVM-02/Aloxy-EA-02/data/basfbeant/70B3D57BB1003085/ValvePosition/properties/status/logicalPosition/open"
"D550_VPI6909-3-1.PERCENTAGE _OPEN.PV",152840918862528540,"/System/Core/EA-02/MDI-P-EA-AVM-02/Aloxy-EA-02/data/basfbeant/70B3D57BB1003085/ValvePosition/properties/status/logicalPosition/openPercentage"
"D550_VPI6909-3-1.POSITION_VALID.PVFL",152840918862397470,"/System/Core/EA-02/MDI-P-EA-AVM-02/Aloxy-EA-02/data/basfbeant/70B3D57BB1003085/ValvePosition/properties/status/valid"
"D550_VPI6596A32-1.STATE.PVFL",152840918917709860,"/System/Core/EA-02/MDI-P-EA-AVM-02/Aloxy-EA-02/data/basfbeant/70B3D57BB1003086/ValvePosition/properties/status/logicalPosition/open"
"D550_VPI6596A32-1.PERCENTAGE _OPEN.PV",152840918917513250,"/System/Core/EA-02/MDI-P-EA-AVM-02/Aloxy-EA-02/data/basfbeant/70B3D57BB1003086/ValvePosition/properties/status/logicalPosition/openPercentage"
"D550_VPI6596A32-1.POSITION_VALID.PVFL",152840918917382180,"/System/Core/EA-02/MDI-P-EA-AVM-02/Aloxy-EA-02/data/basfbeant/70B3D57BB1003086/ValvePosition/properties/status/valid"
"D550_VPI6909-3-2.STATE.PVFL",152840918877601820,"/System/Core/EA-02/MDI-P-EA-AVM-02/Aloxy-EA-02/data/basfbeant/70B3D57BB1003087/ValvePosition/properties/status/logicalPosition/open"
"D550_VPI6909-3-2.PERCENTAGE _OPEN.PV",152840918877405220,"/System/Core/EA-02/MDI-P-EA-AVM-02/Aloxy-EA-02/data/basfbeant/70B3D57BB1003087/ValvePosition/properties/status/logicalPosition/openPercentage"
"D550_VPI6909-3-2.POSITION_VALID.PVFL",152840918877274140,"/System/Core/EA-02/MDI-P-EA-AVM-02/Aloxy-EA-02/data/basfbeant/70B3D57BB1003087/ValvePosition/properties/status/valid"
"D550_VPI114-3.STATE.PVFL",152840918711074850,"/System/Core/EA-02/MDI-P-EA-AVM-02/Aloxy-EA-02/data/basfbeant/70B3D57BB1003088/ValvePosition/properties/status/logicalPosition/open"
"D550_VPI114-3.PERCENTAGE _OPEN.PV",152840918710878240,"/System/Core/EA-02/MDI-P-EA-AVM-02/Aloxy-EA-02/data/basfbeant/70B3D57BB1003088/ValvePosition/properties/status/logicalPosition/openPercentage"
"D550_VPI114-3.POSITION_VALID.PVFL",152840918710747170,"/System/Core/EA-02/MDI-P-EA-AVM-02/Aloxy-EA-02/data/basfbeant/70B3D57BB1003088/ValvePosition/properties/status/valid"
"D550_VPI6596A42-1.STATE.PVFL",152840918946152480,"/System/Core/EA-02/MDI-P-EA-AVM-02/Aloxy-EA-02/data/basfbeant/70B3D57BB1003089/ValvePosition/properties/status/logicalPosition/open"
"D550_VPI6596A42-1.PERCENTAGE _OPEN.PV",152840918945955870,"/System/Core/EA-02/MDI-P-EA-AVM-02/Aloxy-EA-02/data/basfbeant/70B3D57BB1003089/ValvePosition/properties/status/logicalPosition/openPercentage"
"D550_VPI6596A42-1.POSITION_VALID.PVFL",152840918945824800,"/System/Core/EA-02/MDI-P-EA-AVM-02/Aloxy-EA-02/data/basfbeant/70B3D57BB1003089/ValvePosition/properties/status/valid"
"D550_VY6909-2.STATE.PVFL",152840918887825440,"/System/Core/EA-02/MDI-P-EA-AVM-02/Aloxy-EA-02/data/basfbeant/70B3D57BB100308A/ValvePosition/properties/status/logicalPosition/open"
"D550_VY6909-2.PERCENTAGE _OPEN.PV",152840918887628830,"/System/Core/EA-02/MDI-P-EA-AVM-02/Aloxy-EA-02/data/basfbeant/70B3D57BB100308A/ValvePosition/properties/status/logicalPosition/openPercentage"
"D550_VY6909-2.POSITION_VALID.PVFL",152840918887497760,"/System/Core/EA-02/MDI-P-EA-AVM-02/Aloxy-EA-02/data/basfbeant/70B3D57BB100308A/ValvePosition/properties/status/valid"
"D550_VPI6532C.STATE.PVFL",152840918804201500,"/System/Core/EA-02/MDI-P-EA-AVM-02/Aloxy-EA-02/data/basfbeant/70B3D57BB100308B/ValvePosition/properties/status/logicalPosition/open"
"D550_VPI6532C.PERCENTAGE _OPEN.PV",152840918804004900,"/System/Core/EA-02/MDI-P-EA-AVM-02/Aloxy-EA-02/data/basfbeant/70B3D57BB100308B/ValvePosition/properties/status/logicalPosition/openPercentage"
"D550_VPI6532C.POSITION_VALID.PVFL",152840918803873820,"/System/Core/EA-02/MDI-P-EA-AVM-02/Aloxy-EA-02/data/basfbeant/70B3D57BB100308B/ValvePosition/properties/status/valid"
"D550_VPI6389A.STATE.PVFL",152840918682370080,"/System/Core/EA-02/MDI-P-EA-AVM-02/Aloxy-EA-02/data/basfbeant/70B3D57BB100308C/ValvePosition/properties/status/logicalPosition/open"
"D550_VPI6389A.PERCENTAGE _OPEN.PV",152840918682173470,"/System/Core/EA-02/MDI-P-EA-AVM-02/Aloxy-EA-02/data/basfbeant/70B3D57BB100308C/ValvePosition/properties/status/logicalPosition/openPercentage"
"D550_VPI6389A.POSITION_VALID.PVFL",152840918682042400,"/System/Core/EA-02/MDI-P-EA-AVM-02/Aloxy-EA-02/data/basfbeant/70B3D57BB100308C/ValvePosition/properties/status/valid"
"D550_VPI6531C.STATE.PVFL",152840918785654820,"/System/Core/EA-02/MDI-P-EA-AVM-02/Aloxy-EA-02/data/basfbeant/70B3D57BB100308D/ValvePosition/properties/status/logicalPosition/open"
"D550_VPI6531C.PERCENTAGE _OPEN.PV",152840918785458200,"/System/Core/EA-02/MDI-P-EA-AVM-02/Aloxy-EA-02/data/basfbeant/70B3D57BB100308D/ValvePosition/properties/status/logicalPosition/openPercentage"
"D550_VPI6531C.POSITION_VALID.PVFL",152840918785327140,"/System/Core/EA-02/MDI-P-EA-AVM-02/Aloxy-EA-02/data/basfbeant/70B3D57BB100308D/ValvePosition/properties/status/valid"
"D550_VPI6573A22-1.STATE.PVFL",152840918646521900,"/System/Core/EA-02/MDI-P-EA-AVM-02/Aloxy-EA-02/data/basfbeant/70B3D57BB100308E/ValvePosition/properties/status/logicalPosition/open"
"D550_VPI6573A22-1.PERCENTAGE _OPEN.PV",152840918646325280,"/System/Core/EA-02/MDI-P-EA-AVM-02/Aloxy-EA-02/data/basfbeant/70B3D57BB100308E/ValvePosition/properties/status/logicalPosition/openPercentage"
"D550_VPI6573A22-1.POSITION_VALID.PVFL",152840918646194200,"/System/Core/EA-02/MDI-P-EA-AVM-02/Aloxy-EA-02/data/basfbeant/70B3D57BB100308E/ValvePosition/properties/status/valid"
"D550_VPI6596A12-1.STATE.PVFL",152840918942482460,"/System/Core/EA-02/MDI-P-EA-AVM-02/Aloxy-EA-02/data/basfbeant/70B3D57BB100308F/ValvePosition/properties/status/logicalPosition/open"
"D550_VPI6596A12-1.PERCENTAGE _OPEN.PV",152840918942285860,"/System/Core/EA-02/MDI-P-EA-AVM-02/Aloxy-EA-02/data/basfbeant/70B3D57BB100308F/ValvePosition/properties/status/logicalPosition/openPercentage"
"D550_VPI6596A12-1.POSITION_VALID.PVFL",152840918942154780,"/System/Core/EA-02/MDI-P-EA-AVM-02/Aloxy-EA-02/data/basfbeant/70B3D57BB100308F/ValvePosition/properties/status/valid"
"D550_VPI6909-2-1.STATE.PVFL",152840918847520800,"/System/Core/EA-02/MDI-P-EA-AVM-02/Aloxy-EA-02/data/basfbeant/70B3D57BB1003090/ValvePosition/properties/status/logicalPosition/open"
"D550_VPI6909-2-1.PERCENTAGE _OPEN.PV",152840918847324200,"/System/Core/EA-02/MDI-P-EA-AVM-02/Aloxy-EA-02/data/basfbeant/70B3D57BB1003090/ValvePosition/properties/status/logicalPosition/openPercentage"
"D550_VPI6909-2-1.POSITION_VALID.PVFL",152840918847193120,"/System/Core/EA-02/MDI-P-EA-AVM-02/Aloxy-EA-02/data/basfbeant/70B3D57BB1003090/ValvePosition/properties/status/valid"
"D550_VPI6533C.STATE.PVFL",152840918806036500,"/System/Core/EA-02/MDI-P-EA-AVM-02/Aloxy-EA-02/data/basfbeant/70B3D57BB1003091/ValvePosition/properties/status/logicalPosition/open"
"D550_VPI6533C.PERCENTAGE _OPEN.PV",152840918805839900,"/System/Core/EA-02/MDI-P-EA-AVM-02/Aloxy-EA-02/data/basfbeant/70B3D57BB1003091/ValvePosition/properties/status/logicalPosition/openPercentage"
"D550_VPI6533C.POSITION_VALID.PVFL",152840918805708830,"/System/Core/EA-02/MDI-P-EA-AVM-02/Aloxy-EA-02/data/basfbeant/70B3D57BB1003091/ValvePosition/properties/status/valid"
"D550_VPI2005B1.STATE.PVFL",152840918935142430,"/System/Core/EA-02/MDI-P-EA-AVM-02/Aloxy-EA-02/data/basfbeant/70B3D57BB1003092/ValvePosition/properties/status/logicalPosition/open"
"D550_VPI2005B1.PERCENTAGE _OPEN.PV",152840918934945820,"/System/Core/EA-02/MDI-P-EA-AVM-02/Aloxy-EA-02/data/basfbeant/70B3D57BB1003092/ValvePosition/properties/status/logicalPosition/openPercentage"
"D550_VPI2005B1.POSITION_VALID.PVFL",152840918934814750,"/System/Core/EA-02/MDI-P-EA-AVM-02/Aloxy-EA-02/data/basfbeant/70B3D57BB1003092/ValvePosition/properties/status/valid"
"D550_X6544B3.STATE.PVFL",152840918881271840,"/System/Core/EA-02/MDI-P-EA-AVM-02/Aloxy-EA-02/data/basfbeant/70B3D57BB1003093/ValvePosition/properties/status/logicalPosition/open"
"D550_X6544B3.PERCENTAGE _OPEN.PV",152840918881075230,"/System/Core/EA-02/MDI-P-EA-AVM-02/Aloxy-EA-02/data/basfbeant/70B3D57BB1003093/ValvePosition/properties/status/logicalPosition/openPercentage"
"D550_X6544B3.POSITION_VALID.PVFL",152840918880944160,"/System/Core/EA-02/MDI-P-EA-AVM-02/Aloxy-EA-02/data/basfbeant/70B3D57BB1003093/ValvePosition/properties/status/valid"
"D550_VPI2005A1.STATE.PVFL",152840918944317470,"/System/Core/EA-02/MDI-P-EA-AVM-02/Aloxy-EA-02/data/basfbeant/70B3D57BB1003094/ValvePosition/properties/status/logicalPosition/open"
"D550_VPI2005A1.PERCENTAGE _OPEN.PV",152840918944120860,"/System/Core/EA-02/MDI-P-EA-AVM-02/Aloxy-EA-02/data/basfbeant/70B3D57BB1003094/ValvePosition/properties/status/logicalPosition/openPercentage"
"D550_VPI2005A1.POSITION_VALID.PVFL",152840918943989800,"/System/Core/EA-02/MDI-P-EA-AVM-02/Aloxy-EA-02/data/basfbeant/70B3D57BB1003094/ValvePosition/properties/status/valid"
"D550_VPI6209K3.STATE.PVFL",152840918851190820,"/System/Core/EA-02/MDI-P-EA-AVM-02/Aloxy-EA-02/data/basfbeant/70B3D57BB1003095/ValvePosition/properties/status/logicalPosition/open"
"D550_VPI6209K3.PERCENTAGE _OPEN.PV",152840918850994200,"/System/Core/EA-02/MDI-P-EA-AVM-02/Aloxy-EA-02/data/basfbeant/70B3D57BB1003095/ValvePosition/properties/status/logicalPosition/openPercentage"
"D550_VPI6209K3.POSITION_VALID.PVFL",152840918850863140,"/System/Core/EA-02/MDI-P-EA-AVM-02/Aloxy-EA-02/data/basfbeant/70B3D57BB1003095/ValvePosition/properties/status/valid"
"D550_VPI6387C.STATE.PVFL",152840918938812450,"/System/Core/EA-02/MDI-P-EA-AVM-02/Aloxy-EA-02/data/basfbeant/70B3D57BB1003096/ValvePosition/properties/status/logicalPosition/open"
"D550_VPI6387C.PERCENTAGE _OPEN.PV",152840918938615840,"/System/Core/EA-02/MDI-P-EA-AVM-02/Aloxy-EA-02/data/basfbeant/70B3D57BB1003096/ValvePosition/properties/status/logicalPosition/openPercentage"
"D550_VPI6387C.POSITION_VALID.PVFL",152840918938484770,"/System/Core/EA-02/MDI-P-EA-AVM-02/Aloxy-EA-02/data/basfbeant/70B3D57BB1003096/ValvePosition/properties/status/valid"
"D550_VPI6731-3.STATE.PVFL",152840918853877800,"/System/Core/EA-02/MDI-P-EA-AVM-02/Aloxy-EA-02/data/basfbeant/70B3D57BB1003097/ValvePosition/properties/status/logicalPosition/open"
"D550_VPI6731-3.PERCENTAGE _OPEN.PV",152840918853484580,"/System/Core/EA-02/MDI-P-EA-AVM-02/Aloxy-EA-02/data/basfbeant/70B3D57BB1003097/ValvePosition/properties/status/logicalPosition/openPercentage"
"D550_VPI6731-3.POSITION_VALID.PVFL",152840918853222430,"/System/Core/EA-02/MDI-P-EA-AVM-02/Aloxy-EA-02/data/basfbeant/70B3D57BB1003097/ValvePosition/properties/status/valid"
"D550_VPI6115K1-2.STATE.PVFL",152840918845685800,"/System/Core/EA-02/MDI-P-EA-AVM-02/Aloxy-EA-02/data/basfbeant/70B3D57BB1003099/ValvePosition/properties/status/logicalPosition/open"
"D550_VPI6115K1-2.PERCENTAGE _OPEN.PV",152840918845489180,"/System/Core/EA-02/MDI-P-EA-AVM-02/Aloxy-EA-02/data/basfbeant/70B3D57BB1003099/ValvePosition/properties/status/logicalPosition/openPercentage"
"D550_VPI6115K1-2.POSITION_VALID.PVFL",152840918845358100,"/System/Core/EA-02/MDI-P-EA-AVM-02/Aloxy-EA-02/data/basfbeant/70B3D57BB1003099/ValvePosition/properties/status/valid"
"D550_VPI6731-2.STATE.PVFL",152840918814818340,"/System/Core/EA-02/MDI-P-EA-AVM-02/Aloxy-EA-02/data/basfbeant/70B3D57BB100309A/ValvePosition/properties/status/logicalPosition/open"
"D550_VPI6731-2.PERCENTAGE _OPEN.PV",152840918814556200,"/System/Core/EA-02/MDI-P-EA-AVM-02/Aloxy-EA-02/data/basfbeant/70B3D57BB100309A/ValvePosition/properties/status/logicalPosition/openPercentage"
"D550_VPI6731-2.POSITION_VALID.PVFL",152840918814294050,"/System/Core/EA-02/MDI-P-EA-AVM-02/Aloxy-EA-02/data/basfbeant/70B3D57BB100309A/ValvePosition/properties/status/valid"
"D550_VY861.STATE.PVFL",152840918889660450,"/System/Core/EA-02/MDI-P-EA-AVM-02/Aloxy-EA-02/data/basfbeant/70B3D57BB100309B/ValvePosition/properties/status/logicalPosition/open"
"D550_VY861.PERCENTAGE _OPEN.PV",152840918889463840,"/System/Core/EA-02/MDI-P-EA-AVM-02/Aloxy-EA-02/data/basfbeant/70B3D57BB100309B/ValvePosition/properties/status/logicalPosition/openPercentage"
"D550_VY861.POSITION_VALID.PVFL",152840918889332770,"/System/Core/EA-02/MDI-P-EA-AVM-02/Aloxy-EA-02/data/basfbeant/70B3D57BB100309B/ValvePosition/properties/status/valid"
"D550_VPI6389C.STATE.PVFL",152840918772809760,"/System/Core/EA-02/MDI-P-EA-AVM-02/Aloxy-EA-02/data/basfbeant/70B3D57BB100309C/ValvePosition/properties/status/logicalPosition/open"
"D550_VPI6389C.PERCENTAGE _OPEN.PV",152840918772416540,"/System/Core/EA-02/MDI-P-EA-AVM-02/Aloxy-EA-02/data/basfbeant/70B3D57BB100309C/ValvePosition/properties/status/logicalPosition/openPercentage"
"D550_VPI6389C.POSITION_VALID.PVFL",152840918772154400,"/System/Core/EA-02/MDI-P-EA-AVM-02/Aloxy-EA-02/data/basfbeant/70B3D57BB100309C/ValvePosition/properties/status/valid"
"D550_VPI6731-1.STATE.PVFL",152840918829170720,"/System/Core/EA-02/MDI-P-EA-AVM-02/Aloxy-EA-02/data/basfbeant/70B3D57BB100309D/ValvePosition/properties/status/logicalPosition/open"
"D550_VPI6731-1.PERCENTAGE _OPEN.PV",152840918828974100,"/System/Core/EA-02/MDI-P-EA-AVM-02/Aloxy-EA-02/data/basfbeant/70B3D57BB100309D/ValvePosition/properties/status/logicalPosition/openPercentage"
"D550_VPI6731-1.POSITION_VALID.PVFL",152840918828843040,"/System/Core/EA-02/MDI-P-EA-AVM-02/Aloxy-EA-02/data/basfbeant/70B3D57BB100309D/ValvePosition/properties/status/valid"
"D550_VY6909-3.STATE.PVFL",152840918834675740,"/System/Core/EA-02/MDI-P-EA-AVM-02/Aloxy-EA-02/data/basfbeant/70B3D57BB100309E/ValvePosition/properties/status/logicalPosition/open"
"D550_VY6909-3.PERCENTAGE _OPEN.PV",152840918834479140,"/System/Core/EA-02/MDI-P-EA-AVM-02/Aloxy-EA-02/data/basfbeant/70B3D57BB100309E/ValvePosition/properties/status/logicalPosition/openPercentage"
"D550_VY6909-3.POSITION_VALID.PVFL",152840918834348060,"/System/Core/EA-02/MDI-P-EA-AVM-02/Aloxy-EA-02/data/basfbeant/70B3D57BB100309E/ValvePosition/properties/status/valid"
"D550_VPI6318B.STATE.PVFL",152840918673063970,"/System/Core/EA-02/MDI-P-EA-AVM-02/Aloxy-EA-02/data/basfbeant/70B3D57BB10030DF/ValvePosition/properties/status/logicalPosition/open"
"D550_VPI6318B.PERCENTAGE _OPEN.PV",152840918672867360,"/System/Core/EA-02/MDI-P-EA-AVM-02/Aloxy-EA-02/data/basfbeant/70B3D57BB10030DF/ValvePosition/properties/status/logicalPosition/openPercentage"
"D550_VPI6318B.POSITION_VALID.PVFL",152840918672736300,"/System/Core/EA-02/MDI-P-EA-AVM-02/Aloxy-EA-02/data/basfbeant/70B3D57BB10030DF/ValvePosition/properties/status/valid"
"F663_MA522106.STATE.PVFL",152840918800531500,"/System/Core/EA-02/MDI-P-EA-AVM-02/Aloxy-EA-02/data/basfbeant/70B3D57BB1002C23/ValvePosition/properties/status/logicalPosition/open"
"F663_MA522106.PERCENTAGE _OPEN.PV",152840918800334880,"/System/Core/EA-02/MDI-P-EA-AVM-02/Aloxy-EA-02/data/basfbeant/70B3D57BB1002C23/ValvePosition/properties/status/logicalPosition/openPercentage"
"F663_MA522106.POSITION_VALID.PVFL",152840918800203800,"/System/Core/EA-02/MDI-P-EA-AVM-02/Aloxy-EA-02/data/basfbeant/70B3D57BB1002C23/ValvePosition/properties/status/valid"
"F663_MA522104.STATE.PVFL",152840918860890140,"/System/Core/EA-02/MDI-P-EA-AVM-02/Aloxy-EA-02/data/basfbeant/70B3D57BB1002C22/ValvePosition/properties/status/logicalPosition/open"
"F663_MA522104.PERCENTAGE _OPEN.PV",152840918860693540,"/System/Core/EA-02/MDI-P-EA-AVM-02/Aloxy-EA-02/data/basfbeant/70B3D57BB1002C22/ValvePosition/properties/status/logicalPosition/openPercentage"
"F663_MA522104.POSITION_VALID.PVFL",152840918860562460,"/System/Core/EA-02/MDI-P-EA-AVM-02/Aloxy-EA-02/data/basfbeant/70B3D57BB1002C22/ValvePosition/properties/status/valid"
"F663_MA575133.STATE.PVFL",152840918923214880,"/System/Core/EA-02/MDI-P-EA-AVM-02/Aloxy-EA-02/data/basfbeant/70B3D57BB1002C85/ValvePosition/properties/status/logicalPosition/open"
"F663_MA575133.PERCENTAGE _OPEN.PV",152840918923018270,"/System/Core/EA-02/MDI-P-EA-AVM-02/Aloxy-EA-02/data/basfbeant/70B3D57BB1002C85/ValvePosition/properties/status/logicalPosition/openPercentage"
"F663_MA575133.POSITION_VALID.PVFL",152840918922887200,"/System/Core/EA-02/MDI-P-EA-AVM-02/Aloxy-EA-02/data/basfbeant/70B3D57BB1002C85/ValvePosition/properties/status/valid"
"G2_HV31-036.STATE.PVFL",152840918870130720,"/System/Core/EA-02/MDI-P-EA-AVM-02/Aloxy-EA-02/data/basfbeant/70B3D57BB1002C73/ValvePosition/properties/status/logicalPosition/open"
"G2_HV31-036.PERCENTAGE _OPEN.PV",152840918869934100,"/System/Core/EA-02/MDI-P-EA-AVM-02/Aloxy-EA-02/data/basfbeant/70B3D57BB1002C73/ValvePosition/properties/status/logicalPosition/openPercentage"
"G2_HV31-036.POSITION_VALID.PVFL",152840918869803040,"/System/Core/EA-02/MDI-P-EA-AVM-02/Aloxy-EA-02/data/basfbeant/70B3D57BB1002C73/ValvePosition/properties/status/valid"
"G2_HV31-050.STATE.PVFL",152840918906634270,"/System/Core/EA-02/MDI-P-EA-AVM-02/Aloxy-EA-02/data/basfbeant/70B3D57BB1002C78/ValvePosition/properties/status/logicalPosition/open"
"G2_HV31-050.PERCENTAGE _OPEN.PV",152840918906437660,"/System/Core/EA-02/MDI-P-EA-AVM-02/Aloxy-EA-02/data/basfbeant/70B3D57BB1002C78/ValvePosition/properties/status/logicalPosition/openPercentage"
"G2_HV31-050.POSITION_VALID.PVFL",152840918906306600,"/System/Core/EA-02/MDI-P-EA-AVM-02/Aloxy-EA-02/data/basfbeant/70B3D57BB1002C78/ValvePosition/properties/status/valid"
"G2_HV31-030.STATE.PVFL",152840918879436830,"/System/Core/EA-02/MDI-P-EA-AVM-02/Aloxy-EA-02/data/basfbeant/70B3D57BB1002C2C/ValvePosition/properties/status/logicalPosition/open"
"G2_HV31-030.PERCENTAGE _OPEN.PV",152840918879240220,"/System/Core/EA-02/MDI-P-EA-AVM-02/Aloxy-EA-02/data/basfbeant/70B3D57BB1002C2C/ValvePosition/properties/status/logicalPosition/openPercentage"
"G2_HV31-030.POSITION_VALID.PVFL",152840918879109150,"/System/Core/EA-02/MDI-P-EA-AVM-02/Aloxy-EA-02/data/basfbeant/70B3D57BB1002C2C/ValvePosition/properties/status/valid"
